Dòng (Excel),Lỗi,Dữ liệu
8016,Trống tên Lô,"Ngày=16/01/2026, Lô=, CV/VT="
8017,Trống tên Lô,"Ngày=25/01/2026, Lô=, CV/VT="
8018,Trống tên Lô,"Ngày=25/01/2026, Lô=, CV/VT="
8019,Trống tên Lô,"Ngày=25/01/2026, Lô=, CV/VT="
8020,Trống tên Lô,"Ngày=25/01/2026, Lô=, CV/VT="
8021,Trống tên Lô,"Ngày=25/01/2026, Lô=, CV/VT="
8022,Trống tên Lô,"Ngày=25/01/2026, Lô=, CV/VT="
8023,Trống tên Lô,"Ngày=25/01/2026, Lô=, CV/VT="
8024,Trống tên Lô,"Ngày=25/01/2026, Lô=, CV/VT="
8025,Trống tên Lô,"Ngày=25/01/2026, Lô=, CV/VT="
8026,Trống tên Lô,"Ngày=25/01/2026, Lô=, CV/VT="
8027,Trống tên Lô,"Ngày=25/01/2026, Lô=, CV/VT="
8028,Trống tên Lô,"Ngày=26/01/2026, Lô=, CV/VT="
8029,Trống tên Lô,"Ngày=26/01/2026, Lô=, CV/VT="
8030,Trống tên Lô,"Ngày=26/01/2026, Lô=, CV/VT="
8031,Trống tên Lô,"Ngày=26/01/2026, Lô=, CV/VT="
8032,Trống tên Lô,"Ngày=26/01/2026, Lô=, CV/VT="
8033,Trống tên Lô,"Ngày=26/01/2026, Lô=, CV/VT="
8034,Trống tên Lô,"Ngày=26/01/2026, Lô=, CV/VT="
8035,Trống tên Lô,"Ngày=26/01/2026, Lô=, CV/VT="
8036,Trống tên Lô,"Ngày=26/01/2026, Lô=, CV/VT="
8037,Trống tên Lô,"Ngày=26/01/2026, Lô=, CV/VT="
8038,Trống tên Lô,"Ngày=26/01/2026, Lô=, CV/VT="
8039,Trống tên Lô,"Ngày=26/01/2026, Lô=, CV/VT="
8040,Trống tên Lô,"Ngày=26/01/2026, Lô=, CV/VT="
8041,Trống tên Lô,"Ngày=26/01/2026, Lô=, CV/VT="
8042,Trống tên Lô,"Ngày=26/01/2026, Lô=, CV/VT="
8043,Trống tên Lô,"Ngày=26/01/2026, Lô=, CV/VT="
8044,Trống tên Lô,"Ngày=26/01/2026, Lô=, CV/VT="
8045,Trống tên Lô,"Ngày=27/01/2026, Lô=, CV/VT="
8046,Trống tên Lô,"Ngày=27/01/2026, Lô=, CV/VT="
8047,Trống tên Lô,"Ngày=27/01/2026, Lô=, CV/VT="
8048,Trống tên Lô,"Ngày=27/01/2026, Lô=, CV/VT="
8049,Trống tên Lô,"Ngày=27/01/2026, Lô=, CV/VT="
8050,Trống tên Lô,"Ngày=27/01/2026, Lô=, CV/VT="
8051,Trống tên Lô,"Ngày=27/01/2026, Lô=, CV/VT="
8052,Trống tên Lô,"Ngày=27/01/2026, Lô=, CV/VT="
8053,Trống tên Lô,"Ngày=27/01/2026, Lô=, CV/VT="
8054,Trống tên Lô,"Ngày=27/01/2026, Lô=, CV/VT="
8055,Trống tên Lô,"Ngày=27/01/2026, Lô=, CV/VT="
8056,Trống tên Lô,"Ngày=27/01/2026, Lô=, CV/VT="
8057,Trống tên Lô,"Ngày=27/01/2026, Lô=, CV/VT="
8058,Trống tên Lô,"Ngày=27/01/2026, Lô=, CV/VT="
8059,Trống tên Lô,"Ngày=27/01/2026, Lô=, CV/VT="
8060,Trống tên Lô,"Ngày=28/01/2026, Lô=, CV/VT="
8061,Trống tên Lô,"Ngày=28/01/2026, Lô=, CV/VT="
8062,Trống tên Lô,"Ngày=28/01/2026, Lô=, CV/VT="
8063,Trống tên Lô,"Ngày=28/01/2026, Lô=, CV/VT="
8064,Trống tên Lô,"Ngày=28/01/2026, Lô=, CV/VT="
8065,Trống tên Lô,"Ngày=28/01/2026, Lô=, CV/VT="
8066,Trống tên Lô,"Ngày=28/01/2026, Lô=, CV/VT="
8067,Trống tên Lô,"Ngày=28/01/2026, Lô=, CV/VT="
8068,Trống tên Lô,"Ngày=28/01/2026, Lô=, CV/VT="
8069,Trống tên Lô,"Ngày=28/01/2026, Lô=, CV/VT="
8070,Trống tên Lô,"Ngày=28/01/2026, Lô=, CV/VT="
8071,Trống tên Lô,"Ngày=28/01/2026, Lô=, CV/VT="
8072,Trống tên Lô,"Ngày=28/01/2026, Lô=, CV/VT="
8073,Trống tên Lô,"Ngày=28/01/2026, Lô=, CV/VT="
8074,Trống tên Lô,"Ngày=28/01/2026, Lô=, CV/VT="
8075,Trống tên Lô,"Ngày=28/01/2026, Lô=, CV/VT="
8076,Trống tên Lô,"Ngày=28/01/2026, Lô=, CV/VT="
8077,Trống tên Lô,"Ngày=28/01/2026, Lô=, CV/VT="
8078,Trống tên Lô,"Ngày=29/01/2026, Lô=, CV/VT="
8079,Trống tên Lô,"Ngày=29/01/2026, Lô=, CV/VT="
8080,Trống tên Lô,"Ngày=29/01/2026, Lô=, CV/VT="
8081,Trống tên Lô,"Ngày=29/01/2026, Lô=, CV/VT="
8082,Trống tên Lô,"Ngày=29/01/2026, Lô=, CV/VT="
8083,Trống tên Lô,"Ngày=29/01/2026, Lô=, CV/VT="
8084,Trống tên Lô,"Ngày=29/01/2026, Lô=, CV/VT="
8085,Trống tên Lô,"Ngày=29/01/2026, Lô=, CV/VT="
8086,Trống tên Lô,"Ngày=29/01/2026, Lô=, CV/VT="
8087,Trống tên Lô,"Ngày=29/01/2026, Lô=, CV/VT="
8088,Trống tên Lô,"Ngày=29/01/2026, Lô=, CV/VT="
8089,Trống tên Lô,"Ngày=29/01/2026, Lô=, CV/VT="
8090,Trống tên Lô,"Ngày=29/01/2026, Lô=, CV/VT="
8091,Trống tên Lô,"Ngày=29/01/2026, Lô=, CV/VT="
8092,Trống tên Lô,"Ngày=29/01/2026, Lô=, CV/VT="
8093,Trống tên Lô,"Ngày=29/01/2026, Lô=, CV/VT="
8094,Trống tên Lô,"Ngày=29/01/2026, Lô=, CV/VT="
8095,Trống tên Lô,"Ngày=29/01/2026, Lô=, CV/VT="
8096,Trống tên Lô,"Ngày=29/01/2026, Lô=, CV/VT="
8097,Trống tên Lô,"Ngày=29/01/2026, Lô=, CV/VT="
8098,Trống tên Lô,"Ngày=30/01/2026, Lô=, CV/VT="
8099,Trống tên Lô,"Ngày=30/01/2026, Lô=, CV/VT="
8100,Trống tên Lô,"Ngày=30/01/2026, Lô=, CV/VT="
8101,Trống tên Lô,"Ngày=30/01/2026, Lô=, CV/VT="
8102,Trống tên Lô,"Ngày=30/01/2026, Lô=, CV/VT="
8103,Trống tên Lô,"Ngày=30/01/2026, Lô=, CV/VT="
8104,Trống tên Lô,"Ngày=30/01/2026, Lô=, CV/VT="
8105,Trống tên Lô,"Ngày=30/01/2026, Lô=, CV/VT="
8106,Trống tên Lô,"Ngày=30/01/2026, Lô=, CV/VT="
8107,Trống tên Lô,"Ngày=30/01/2026, Lô=, CV/VT="
8108,Trống tên Lô,"Ngày=30/01/2026, Lô=, CV/VT="
8109,Trống tên Lô,"Ngày=30/01/2026, Lô=, CV/VT="
8110,Trống tên Lô,"Ngày=30/01/2026, Lô=, CV/VT="
8111,Trống tên Lô,"Ngày=30/01/2026, Lô=, CV/VT="
8112,Trống tên Lô,"Ngày=30/01/2026, Lô=, CV/VT="
8113,Trống tên Lô,"Ngày=30/01/2026, Lô=, CV/VT="
8114,Trống tên Lô,"Ngày=30/01/2026, Lô=, CV/VT="
8115,Trống tên Lô,"Ngày=30/01/2026, Lô=, CV/VT="
8116,Trống tên Lô,"Ngày=30/01/2026, Lô=, CV/VT="
8117,Trống tên Lô,"Ngày=30/01/2026, Lô=, CV/VT="
8118,Trống tên Lô,"Ngày=30/01/2026, Lô=, CV/VT="
8119,Trống tên Lô,"Ngày=31/01/2026, Lô=, CV/VT="
8120,Trống tên Lô,"Ngày=31/01/2026, Lô=, CV/VT="
8121,Trống tên Lô,"Ngày=31/01/2026, Lô=, CV/VT="
8122,Trống tên Lô,"Ngày=31/01/2026, Lô=, CV/VT="
8123,Trống tên Lô,"Ngày=31/01/2026, Lô=, CV/VT="
8124,Trống tên Lô,"Ngày=31/01/2026, Lô=, CV/VT="
8125,Trống tên Lô,"Ngày=31/01/2026, Lô=, CV/VT="
8126,Trống tên Lô,"Ngày=31/01/2026, Lô=, CV/VT="
8127,Trống tên Lô,"Ngày=31/01/2026, Lô=, CV/VT="
8128,Trống tên Lô,"Ngày=31/01/2026, Lô=, CV/VT="
8129,Trống tên Lô,"Ngày=31/01/2026, Lô=, CV/VT="
8130,Trống tên Lô,"Ngày=31/01/2026, Lô=, CV/VT="
8131,Trống tên Lô,"Ngày=31/01/2026, Lô=, CV/VT="
8132,Trống tên Lô,"Ngày=31/01/2026, Lô=, CV/VT="
8133,Trống tên Lô,"Ngày=01/02/2026, Lô=, CV/VT="
8134,Trống tên Lô,"Ngày=01/02/2026, Lô=, CV/VT="
8135,Trống tên Lô,"Ngày=01/02/2026, Lô=, CV/VT="
8136,Trống tên Lô,"Ngày=01/02/2026, Lô=, CV/VT="
8137,Trống tên Lô,"Ngày=01/02/2026, Lô=, CV/VT="
8138,Trống tên Lô,"Ngày=01/02/2026, Lô=, CV/VT="
8139,Trống tên Lô,"Ngày=01/02/2026, Lô=, CV/VT="
8140,Trống tên Lô,"Ngày=02/02/2026, Lô=, CV/VT="
8141,Trống tên Lô,"Ngày=02/02/2026, Lô=, CV/VT="
8142,Trống tên Lô,"Ngày=02/02/2026, Lô=, CV/VT="
8143,Trống tên Lô,"Ngày=02/02/2026, Lô=, CV/VT="
8144,Trống tên Lô,"Ngày=02/02/2026, Lô=, CV/VT="
8145,Trống tên Lô,"Ngày=02/02/2026, Lô=, CV/VT="
8146,Trống tên Lô,"Ngày=02/02/2026, Lô=, CV/VT="
8147,Trống tên Lô,"Ngày=02/02/2026, Lô=, CV/VT="
8148,Trống tên Lô,"Ngày=02/02/2026, Lô=, CV/VT="
8149,Trống tên Lô,"Ngày=02/02/2026, Lô=, CV/VT="
8150,Trống tên Lô,"Ngày=02/02/2026, Lô=, CV/VT="
8151,Trống tên Lô,"Ngày=02/02/2026, Lô=, CV/VT="
8152,Trống tên Lô,"Ngày=02/02/2026, Lô=, CV/VT="
8153,Trống tên Lô,"Ngày=02/02/2026, Lô=, CV/VT="
8154,Trống tên Lô,"Ngày=02/02/2026, Lô=, CV/VT="
8155,Trống tên Lô,"Ngày=02/02/2026, Lô=, CV/VT="
8156,Trống tên Lô,"Ngày=02/02/2026, Lô=, CV/VT="
8157,Trống tên Lô,"Ngày=02/02/2026, Lô=, CV/VT="
8158,Trống tên Lô,"Ngày=03/02/2026, Lô=, CV/VT="
8159,Trống tên Lô,"Ngày=03/02/2026, Lô=, CV/VT="
8160,Trống tên Lô,"Ngày=03/02/2026, Lô=, CV/VT="
8161,Trống tên Lô,"Ngày=03/02/2026, Lô=, CV/VT="
8162,Trống tên Lô,"Ngày=03/02/2026, Lô=, CV/VT="
8163,Trống tên Lô,"Ngày=03/02/2026, Lô=, CV/VT="
8164,Trống tên Lô,"Ngày=03/02/2026, Lô=, CV/VT="
8165,Trống tên Lô,"Ngày=03/02/2026, Lô=, CV/VT="
8166,Trống tên Lô,"Ngày=03/02/2026, Lô=, CV/VT="
8167,Trống tên Lô,"Ngày=03/02/2026, Lô=, CV/VT="
8168,Trống tên Lô,"Ngày=03/02/2026, Lô=, CV/VT="
8169,Trống tên Lô,"Ngày=03/02/2026, Lô=, CV/VT="
8170,Trống tên Lô,"Ngày=03/02/2026, Lô=, CV/VT="
8171,Trống tên Lô,"Ngày=03/02/2026, Lô=, CV/VT="
8172,Trống tên Lô,"Ngày=03/02/2026, Lô=, CV/VT="
8173,Trống tên Lô,"Ngày=03/02/2026, Lô=, CV/VT="
8174,Trống tên Lô,"Ngày=03/02/2026, Lô=, CV/VT="
8175,Trống tên Lô,"Ngày=03/02/2026, Lô=, CV/VT="
8176,Trống tên Lô,"Ngày=03/02/2026, Lô=, CV/VT="
8177,Trống tên Lô,"Ngày=03/02/2026, Lô=, CV/VT="
8178,Trống tên Lô,"Ngày=04/02/2026, Lô=, CV/VT="
8179,Trống tên Lô,"Ngày=04/02/2026, Lô=, CV/VT="
8180,Trống tên Lô,"Ngày=04/02/2026, Lô=, CV/VT="
8181,Trống tên Lô,"Ngày=04/02/2026, Lô=, CV/VT="
8182,Trống tên Lô,"Ngày=04/02/2026, Lô=, CV/VT="
8183,Trống tên Lô,"Ngày=04/02/2026, Lô=, CV/VT="
8184,Trống tên Lô,"Ngày=04/02/2026, Lô=, CV/VT="
8185,Trống tên Lô,"Ngày=04/02/2026, Lô=, CV/VT="
8186,Trống tên Lô,"Ngày=04/02/2026, Lô=, CV/VT="
8187,Trống tên Lô,"Ngày=04/02/2026, Lô=, CV/VT="
8188,Trống tên Lô,"Ngày=04/02/2026, Lô=, CV/VT="
8189,Trống tên Lô,"Ngày=04/02/2026, Lô=, CV/VT="
8190,Trống tên Lô,"Ngày=04/02/2026, Lô=, CV/VT="
8191,Trống tên Lô,"Ngày=04/02/2026, Lô=, CV/VT="
8192,Trống tên Lô,"Ngày=04/02/2026, Lô=, CV/VT="
8193,Trống tên Lô,"Ngày=04/02/2026, Lô=, CV/VT="
8194,Trống tên Lô,"Ngày=04/02/2026, Lô=, CV/VT="
8195,Trống tên Lô,"Ngày=04/02/2026, Lô=, CV/VT="
8196,Trống tên Lô,"Ngày=04/02/2026, Lô=, CV/VT="
8197,Trống tên Lô,"Ngày=05/02/2026, Lô=, CV/VT="
8198,Trống tên Lô,"Ngày=05/02/2026, Lô=, CV/VT="
8199,Trống tên Lô,"Ngày=05/02/2026, Lô=, CV/VT="
8200,Trống tên Lô,"Ngày=05/02/2026, Lô=, CV/VT="
8201,Trống tên Lô,"Ngày=05/02/2026, Lô=, CV/VT="
8202,Trống tên Lô,"Ngày=05/02/2026, Lô=, CV/VT="
8203,Trống tên Lô,"Ngày=05/02/2026, Lô=, CV/VT="
8204,Trống tên Lô,"Ngày=05/02/2026, Lô=, CV/VT="
8205,Trống tên Lô,"Ngày=05/02/2026, Lô=, CV/VT="
8206,Trống tên Lô,"Ngày=05/02/2026, Lô=, CV/VT="
8207,Trống tên Lô,"Ngày=05/02/2026, Lô=, CV/VT="
8208,Trống tên Lô,"Ngày=05/02/2026, Lô=, CV/VT="
8209,Trống tên Lô,"Ngày=05/02/2026, Lô=, CV/VT="
8210,Trống tên Lô,"Ngày=05/02/2026, Lô=, CV/VT="
8211,Trống tên Lô,"Ngày=05/02/2026, Lô=, CV/VT="
8212,Trống tên Lô,"Ngày=06/02/2026, Lô=, CV/VT="
8213,Trống tên Lô,"Ngày=06/02/2026, Lô=, CV/VT="
8214,Trống tên Lô,"Ngày=06/02/2026, Lô=, CV/VT="
8215,Trống tên Lô,"Ngày=06/02/2026, Lô=, CV/VT="
8216,Trống tên Lô,"Ngày=06/02/2026, Lô=, CV/VT="
8217,Trống tên Lô,"Ngày=06/02/2026, Lô=, CV/VT="
8218,Trống tên Lô,"Ngày=06/02/2026, Lô=, CV/VT="
8219,Trống tên Lô,"Ngày=06/02/2026, Lô=, CV/VT="
8220,Trống tên Lô,"Ngày=06/02/2026, Lô=, CV/VT="
8221,Trống tên Lô,"Ngày=06/02/2026, Lô=, CV/VT="
8222,Trống tên Lô,"Ngày=06/02/2026, Lô=, CV/VT="
8223,Trống tên Lô,"Ngày=06/02/2026, Lô=, CV/VT="
8224,Trống tên Lô,"Ngày=06/02/2026, Lô=, CV/VT="
8225,Trống tên Lô,"Ngày=06/02/2026, Lô=, CV/VT="
8226,Trống tên Lô,"Ngày=06/02/2026, Lô=, CV/VT="
8227,Trống tên Lô,"Ngày=06/02/2026, Lô=, CV/VT="
8228,Trống tên Lô,"Ngày=07/02/2026, Lô=, CV/VT="
8229,Trống tên Lô,"Ngày=07/02/2026, Lô=, CV/VT="
8230,Trống tên Lô,"Ngày=07/02/2026, Lô=, CV/VT="
8231,Trống tên Lô,"Ngày=07/02/2026, Lô=, CV/VT="
8232,Trống tên Lô,"Ngày=07/02/2026, Lô=, CV/VT="
8233,Trống tên Lô,"Ngày=07/02/2026, Lô=, CV/VT="
8234,Trống tên Lô,"Ngày=07/02/2026, Lô=, CV/VT="
8235,Trống tên Lô,"Ngày=07/02/2026, Lô=, CV/VT="
8236,Trống tên Lô,"Ngày=07/02/2026, Lô=, CV/VT="
8237,Trống tên Lô,"Ngày=07/02/2026, Lô=, CV/VT="
8238,Trống tên Lô,"Ngày=07/02/2026, Lô=, CV/VT="
8239,Trống tên Lô,"Ngày=07/02/2026, Lô=, CV/VT="
8240,Trống tên Lô,"Ngày=07/02/2026, Lô=, CV/VT="
8241,Trống tên Lô,"Ngày=07/02/2026, Lô=, CV/VT="
8242,Trống tên Lô,"Ngày=08/02/2026, Lô=, CV/VT="
8243,Trống tên Lô,"Ngày=08/02/2026, Lô=, CV/VT="
8244,Trống tên Lô,"Ngày=08/02/2026, Lô=, CV/VT="
8245,Trống tên Lô,"Ngày=08/02/2026, Lô=, CV/VT="
8246,Trống tên Lô,"Ngày=08/02/2026, Lô=, CV/VT="
8247,Trống tên Lô,"Ngày=08/02/2026, Lô=, CV/VT="
8248,Trống tên Lô,"Ngày=08/02/2026, Lô=, CV/VT="
8249,Trống tên Lô,"Ngày=08/02/2026, Lô=, CV/VT="
8250,Trống tên Lô,"Ngày=09/02/2026, Lô=, CV/VT="
8251,Trống tên Lô,"Ngày=09/02/2026, Lô=, CV/VT="
8252,Trống tên Lô,"Ngày=09/02/2026, Lô=, CV/VT="
8253,Trống tên Lô,"Ngày=09/02/2026, Lô=, CV/VT="
8254,Trống tên Lô,"Ngày=09/02/2026, Lô=, CV/VT="
8255,Trống tên Lô,"Ngày=09/02/2026, Lô=, CV/VT="
8256,Trống tên Lô,"Ngày=09/02/2026, Lô=, CV/VT="
8257,Trống tên Lô,"Ngày=09/02/2026, Lô=, CV/VT="
8258,Trống tên Lô,"Ngày=09/02/2026, Lô=, CV/VT="
8259,Trống tên Lô,"Ngày=09/02/2026, Lô=, CV/VT="
8260,Trống tên Lô,"Ngày=09/02/2026, Lô=, CV/VT="
8261,Trống tên Lô,"Ngày=09/02/2026, Lô=, CV/VT="
8262,Trống tên Lô,"Ngày=09/02/2026, Lô=, CV/VT="
8263,Trống tên Lô,"Ngày=09/02/2026, Lô=, CV/VT="
8264,Trống tên Lô,"Ngày=09/02/2026, Lô=, CV/VT="
8265,Trống tên Lô,"Ngày=09/02/2026, Lô=, CV/VT="
8266,Trống tên Lô,"Ngày=09/02/2026, Lô=, CV/VT="
8267,Trống tên Lô,"Ngày=10/02/2026, Lô=, CV/VT="
8268,Trống tên Lô,"Ngày=10/02/2026, Lô=, CV/VT="
8269,Trống tên Lô,"Ngày=10/02/2026, Lô=, CV/VT="
8270,Trống tên Lô,"Ngày=10/02/2026, Lô=, CV/VT="
8271,Trống tên Lô,"Ngày=10/02/2026, Lô=, CV/VT="
8272,Trống tên Lô,"Ngày=10/02/2026, Lô=, CV/VT="
8273,Trống tên Lô,"Ngày=10/02/2026, Lô=, CV/VT="
8274,Trống tên Lô,"Ngày=10/02/2026, Lô=, CV/VT="
8275,Trống tên Lô,"Ngày=10/02/2026, Lô=, CV/VT="
8276,Trống tên Lô,"Ngày=10/02/2026, Lô=, CV/VT="
8277,Trống tên Lô,"Ngày=10/02/2026, Lô=, CV/VT="
8278,Trống tên Lô,"Ngày=10/02/2026, Lô=, CV/VT="
8279,Trống tên Lô,"Ngày=10/02/2026, Lô=, CV/VT="
8280,Trống tên Lô,"Ngày=10/02/2026, Lô=, CV/VT="
8281,Trống tên Lô,"Ngày=10/02/2026, Lô=, CV/VT="
8282,Trống tên Lô,"Ngày=10/02/2026, Lô=, CV/VT="
8283,Trống tên Lô,"Ngày=10/02/2026, Lô=, CV/VT="
8284,Trống tên Lô,"Ngày=11/02/2026, Lô=, CV/VT="
8285,Trống tên Lô,"Ngày=11/02/2026, Lô=, CV/VT="
8286,Trống tên Lô,"Ngày=11/02/2026, Lô=, CV/VT="
8287,Trống tên Lô,"Ngày=11/02/2026, Lô=, CV/VT="
8288,Trống tên Lô,"Ngày=11/02/2026, Lô=, CV/VT="
8289,Trống tên Lô,"Ngày=11/02/2026, Lô=, CV/VT="
8290,Trống tên Lô,"Ngày=11/02/2026, Lô=, CV/VT="
8291,Trống tên Lô,"Ngày=11/02/2026, Lô=, CV/VT="
8292,Trống tên Lô,"Ngày=11/02/2026, Lô=, CV/VT="
8293,Trống tên Lô,"Ngày=11/02/2026, Lô=, CV/VT="
8294,Trống tên Lô,"Ngày=11/02/2026, Lô=, CV/VT="
8295,Trống tên Lô,"Ngày=12/02/2026, Lô=, CV/VT="
8296,Trống tên Lô,"Ngày=12/02/2026, Lô=, CV/VT="
8297,Trống tên Lô,"Ngày=12/02/2026, Lô=, CV/VT="
8298,Trống tên Lô,"Ngày=12/02/2026, Lô=, CV/VT="
8299,Trống tên Lô,"Ngày=12/02/2026, Lô=, CV/VT="
8300,Trống tên Lô,"Ngày=12/02/2026, Lô=, CV/VT="
8301,Trống tên Lô,"Ngày=12/02/2026, Lô=, CV/VT="
8302,Trống tên Lô,"Ngày=12/02/2026, Lô=, CV/VT="
8303,Trống tên Lô,"Ngày=12/02/2026, Lô=, CV/VT="
8304,Trống tên Lô,"Ngày=12/02/2026, Lô=, CV/VT="
8305,Trống tên Lô,"Ngày=12/02/2026, Lô=, CV/VT="
8306,Trống tên Lô,"Ngày=12/02/2026, Lô=, CV/VT="
8307,Trống tên Lô,"Ngày=12/02/2026, Lô=, CV/VT="
8308,Trống tên Lô,"Ngày=12/02/2026, Lô=, CV/VT="
8309,Trống tên Lô,"Ngày=12/02/2026, Lô=, CV/VT="
8310,Trống tên Lô,"Ngày=12/02/2026, Lô=, CV/VT="
8311,Trống tên Lô,"Ngày=12/02/2026, Lô=, CV/VT="
8312,Trống tên Lô,"Ngày=12/02/2026, Lô=, CV/VT="
8313,Trống tên Lô,"Ngày=13/02/2026, Lô=, CV/VT="
8314,Trống tên Lô,"Ngày=13/02/2026, Lô=, CV/VT="
8315,Trống tên Lô,"Ngày=13/02/2026, Lô=, CV/VT="
8316,Trống tên Lô,"Ngày=13/02/2026, Lô=, CV/VT="
8317,Trống tên Lô,"Ngày=13/02/2026, Lô=, CV/VT="
8318,Trống tên Lô,"Ngày=13/02/2026, Lô=, CV/VT="
8319,Trống tên Lô,"Ngày=13/02/2026, Lô=, CV/VT="
8320,Trống tên Lô,"Ngày=13/02/2026, Lô=, CV/VT="
8321,Trống tên Lô,"Ngày=13/02/2026, Lô=, CV/VT="
8322,Trống tên Lô,"Ngày=13/02/2026, Lô=, CV/VT="
8323,Trống tên Lô,"Ngày=13/02/2026, Lô=, CV/VT="
8324,Trống tên Lô,"Ngày=13/02/2026, Lô=, CV/VT="
8325,Trống tên Lô,"Ngày=13/02/2026, Lô=, CV/VT="
8326,Trống tên Lô,"Ngày=13/02/2026, Lô=, CV/VT="
8327,Trống tên Lô,"Ngày=14/02/2026, Lô=, CV/VT="
8328,Trống tên Lô,"Ngày=14/02/2026, Lô=, CV/VT="
8329,Trống tên Lô,"Ngày=14/02/2026, Lô=, CV/VT="
8330,Trống tên Lô,"Ngày=14/02/2026, Lô=, CV/VT="
8331,Trống tên Lô,"Ngày=14/02/2026, Lô=, CV/VT="
8332,Trống tên Lô,"Ngày=14/02/2026, Lô=, CV/VT="
8333,Trống tên Lô,"Ngày=21/02/2026, Lô=, CV/VT="
8334,Trống tên Lô,"Ngày=21/02/2026, Lô=, CV/VT="
8335,Trống tên Lô,"Ngày=22/02/2026, Lô=, CV/VT="
8336,Trống tên Lô,"Ngày=22/02/2026, Lô=, CV/VT="
8337,Trống tên Lô,"Ngày=22/02/2026, Lô=, CV/VT="
8338,Trống tên Lô,"Ngày=22/02/2026, Lô=, CV/VT="
8339,Trống tên Lô,"Ngày=22/02/2026, Lô=, CV/VT="
8340,Trống tên Lô,"Ngày=22/02/2026, Lô=, CV/VT="
8341,Trống tên Lô,"Ngày=22/02/2026, Lô=, CV/VT="
8342,Trống tên Lô,"Ngày=23/02/2026, Lô=, CV/VT="
8343,Trống tên Lô,"Ngày=23/02/2026, Lô=, CV/VT="
8344,Trống tên Lô,"Ngày=23/02/2026, Lô=, CV/VT="
8345,Trống tên Lô,"Ngày=23/02/2026, Lô=, CV/VT="
8346,Trống tên Lô,"Ngày=23/02/2026, Lô=, CV/VT="
8347,Trống tên Lô,"Ngày=23/02/2026, Lô=, CV/VT="
8348,Trống tên Lô,"Ngày=23/02/2026, Lô=, CV/VT="
8349,Trống tên Lô,"Ngày=23/02/2026, Lô=, CV/VT="
8350,Trống tên Lô,"Ngày=23/02/2026, Lô=, CV/VT="
8351,Trống tên Lô,"Ngày=23/02/2026, Lô=, CV/VT="
8352,Trống tên Lô,"Ngày=23/02/2026, Lô=, CV/VT="
8353,Trống tên Lô,"Ngày=23/02/2026, Lô=, CV/VT="
8354,Trống tên Lô,"Ngày=23/02/2026, Lô=, CV/VT="
8355,Trống tên Lô,"Ngày=23/02/2026, Lô=, CV/VT="
8356,Trống tên Lô,"Ngày=23/02/2026, Lô=, CV/VT="
8357,Trống tên Lô,"Ngày=24/02/2026, Lô=, CV/VT="
8358,Trống tên Lô,"Ngày=24/02/2026, Lô=, CV/VT="
8359,Trống tên Lô,"Ngày=24/02/2026, Lô=, CV/VT="
8360,Trống tên Lô,"Ngày=24/02/2026, Lô=, CV/VT="
8361,Trống tên Lô,"Ngày=24/02/2026, Lô=, CV/VT="
8362,Trống tên Lô,"Ngày=24/02/2026, Lô=, CV/VT="
8363,Trống tên Lô,"Ngày=24/02/2026, Lô=, CV/VT="
8364,Trống tên Lô,"Ngày=24/02/2026, Lô=, CV/VT="
8365,Trống tên Lô,"Ngày=24/02/2026, Lô=, CV/VT="
8366,Trống tên Lô,"Ngày=24/02/2026, Lô=, CV/VT="
8367,Trống tên Lô,"Ngày=24/02/2026, Lô=, CV/VT="
8368,Trống tên Lô,"Ngày=24/02/2026, Lô=, CV/VT="
8369,Trống tên Lô,"Ngày=24/02/2026, Lô=, CV/VT="
8370,Trống tên Lô,"Ngày=24/02/2026, Lô=, CV/VT="
8371,Trống tên Lô,"Ngày=24/02/2026, Lô=, CV/VT="
8372,Trống tên Lô,"Ngày=24/02/2026, Lô=, CV/VT="
8373,Trống tên Lô,"Ngày=24/02/2026, Lô=, CV/VT="
8374,Trống tên Lô,"Ngày=24/02/2026, Lô=, CV/VT="
8375,Trống tên Lô,"Ngày=24/02/2026, Lô=, CV/VT="
8376,Trống tên Lô,"Ngày=24/02/2026, Lô=, CV/VT="
8377,Trống tên Lô,"Ngày=24/02/2026, Lô=, CV/VT="
8378,Trống tên Lô,"Ngày=24/02/2026, Lô=, CV/VT="
8379,Trống tên Lô,"Ngày=24/02/2026, Lô=, CV/VT="
8380,Trống tên Lô,"Ngày=24/02/2026, Lô=, CV/VT="
8381,Trống tên Lô,"Ngày=25/02/2026, Lô=, CV/VT="
8382,Trống tên Lô,"Ngày=25/02/2026, Lô=, CV/VT="
8383,Trống tên Lô,"Ngày=25/02/2026, Lô=, CV/VT="
8384,Trống tên Lô,"Ngày=25/02/2026, Lô=, CV/VT="
8385,Trống tên Lô,"Ngày=25/02/2026, Lô=, CV/VT="
8386,Trống tên Lô,"Ngày=25/02/2026, Lô=, CV/VT="
8387,Trống tên Lô,"Ngày=25/02/2026, Lô=, CV/VT="
8388,Trống tên Lô,"Ngày=25/02/2026, Lô=, CV/VT="
8389,Trống tên Lô,"Ngày=25/02/2026, Lô=, CV/VT="
8390,Trống tên Lô,"Ngày=25/02/2026, Lô=, CV/VT="
8391,Trống tên Lô,"Ngày=25/02/2026, Lô=, CV/VT="
8392,Trống tên Lô,"Ngày=25/02/2026, Lô=, CV/VT="
8393,Trống tên Lô,"Ngày=25/02/2026, Lô=, CV/VT="
8394,Trống tên Lô,"Ngày=25/02/2026, Lô=, CV/VT="
8395,Trống tên Lô,"Ngày=25/02/2026, Lô=, CV/VT="
8396,Trống tên Lô,"Ngày=25/02/2026, Lô=, CV/VT="
8397,Trống tên Lô,"Ngày=25/02/2026, Lô=, CV/VT="
8398,Trống tên Lô,"Ngày=25/02/2026, Lô=, CV/VT="
8399,Trống tên Lô,"Ngày=25/02/2026, Lô=, CV/VT="
8400,Trống tên Lô,"Ngày=25/02/2026, Lô=, CV/VT="
8401,Trống tên Lô,"Ngày=25/02/2026, Lô=, CV/VT="
8402,Trống tên Lô,"Ngày=25/02/2026, Lô=, CV/VT="
8403,Trống tên Lô,"Ngày=25/02/2026, Lô=, CV/VT="
8404,Trống tên Lô,"Ngày=25/02/2026, Lô=, CV/VT="
8405,Trống tên Lô,"Ngày=25/02/2026, Lô=, CV/VT="
8406,Trống tên Lô,"Ngày=25/02/2026, Lô=, CV/VT="
8407,Trống tên Lô,"Ngày=25/02/2026, Lô=, CV/VT="
8408,Trống tên Lô,"Ngày=26/02/2026, Lô=, CV/VT="
8409,Trống tên Lô,"Ngày=26/02/2026, Lô=, CV/VT="
8410,Trống tên Lô,"Ngày=26/02/2026, Lô=, CV/VT="
8411,Trống tên Lô,"Ngày=26/02/2026, Lô=, CV/VT="
8412,Trống tên Lô,"Ngày=26/02/2026, Lô=, CV/VT="
8413,Trống tên Lô,"Ngày=26/02/2026, Lô=, CV/VT="
8414,Trống tên Lô,"Ngày=26/02/2026, Lô=, CV/VT="
8415,Trống tên Lô,"Ngày=26/02/2026, Lô=, CV/VT="
8416,Trống tên Lô,"Ngày=26/02/2026, Lô=, CV/VT="
8417,Trống tên Lô,"Ngày=26/02/2026, Lô=, CV/VT="
8418,Trống tên Lô,"Ngày=26/02/2026, Lô=, CV/VT="
8419,Trống tên Lô,"Ngày=26/02/2026, Lô=, CV/VT="
8420,Trống tên Lô,"Ngày=26/02/2026, Lô=, CV/VT="
8421,Trống tên Lô,"Ngày=26/02/2026, Lô=, CV/VT="
8422,Trống tên Lô,"Ngày=26/02/2026, Lô=, CV/VT="
8423,Trống tên Lô,"Ngày=26/02/2026, Lô=, CV/VT="
8424,Trống tên Lô,"Ngày=26/02/2026, Lô=, CV/VT="
8425,Trống tên Lô,"Ngày=26/02/2026, Lô=, CV/VT="
8426,Trống tên Lô,"Ngày=26/02/2026, Lô=, CV/VT="
8427,Trống tên Lô,"Ngày=26/02/2026, Lô=, CV/VT="
8428,Trống tên Lô,"Ngày=26/02/2026, Lô=, CV/VT="
8429,Trống tên Lô,"Ngày=27/02/2026, Lô=, CV/VT="
8430,Trống tên Lô,"Ngày=27/02/2026, Lô=, CV/VT="
8431,Trống tên Lô,"Ngày=27/02/2026, Lô=, CV/VT="
8432,Trống tên Lô,"Ngày=27/02/2026, Lô=, CV/VT="
8433,Trống tên Lô,"Ngày=27/02/2026, Lô=, CV/VT="
8434,Trống tên Lô,"Ngày=28/02/2026, Lô=, CV/VT="
8435,Trống tên Lô,"Ngày=28/02/2026, Lô=, CV/VT="
8436,Trống tên Lô,"Ngày=28/02/2026, Lô=, CV/VT="
8437,Trống tên Lô,"Ngày=28/02/2026, Lô=, CV/VT="
8438,Trống tên Lô,"Ngày=28/02/2026, Lô=, CV/VT="
8439,Trống tên Lô,"Ngày=28/02/2026, Lô=, CV/VT="
8440,Trống tên Lô,"Ngày=28/02/2026, Lô=, CV/VT="
8441,Trống tên Lô,"Ngày=28/02/2026, Lô=, CV/VT="
8442,Trống tên Lô,"Ngày=28/02/2026, Lô=, CV/VT="
8443,Trống tên Lô,"Ngày=28/02/2026, Lô=, CV/VT="
8444,Trống tên Lô,"Ngày=28/02/2026, Lô=, CV/VT="
8445,Trống tên Lô,"Ngày=28/02/2026, Lô=, CV/VT="
8446,Trống tên Lô,"Ngày=28/02/2026, Lô=, CV/VT="
8447,Trống tên Lô,"Ngày=28/02/2026, Lô=, CV/VT="
8448,Trống tên Lô,"Ngày=28/02/2026, Lô=, CV/VT="
8449,Trống tên Lô,"Ngày=28/02/2026, Lô=, CV/VT="
8450,Trống tên Lô,"Ngày=28/02/2026, Lô=, CV/VT="
8451,Trống tên Lô,"Ngày=28/02/2026, Lô=, CV/VT="
8452,Trống tên Lô,"Ngày=28/02/2026, Lô=, CV/VT="
8453,Trống tên Lô,"Ngày=28/02/2026, Lô=, CV/VT="
8454,Trống tên Lô,"Ngày=28/02/2026, Lô=, CV/VT="
8455,Trống tên Lô,"Ngày=28/02/2026, Lô=, CV/VT="
8456,Trống tên Lô,"Ngày=28/02/2026, Lô=, CV/VT="
8457,Trống tên Lô,"Ngày=01/03/2026, Lô=, CV/VT="
8458,Trống tên Lô,"Ngày=01/03/2026, Lô=, CV/VT="
8459,Trống tên Lô,"Ngày=01/03/2026, Lô=, CV/VT="
8460,Trống tên Lô,"Ngày=01/03/2026, Lô=, CV/VT="
8461,Trống tên Lô,"Ngày=01/03/2026, Lô=, CV/VT="
8462,Trống tên Lô,"Ngày=01/03/2026, Lô=, CV/VT="
8463,Trống tên Lô,"Ngày=01/03/2026, Lô=, CV/VT="
8464,Trống tên Lô,"Ngày=01/03/2026, Lô=, CV/VT="
8465,Trống tên Lô,"Ngày=01/03/2026, Lô=, CV/VT="
8466,Trống tên Lô,"Ngày=01/03/2026, Lô=, CV/VT="
8467,Trống tên Lô,"Ngày=01/03/2026, Lô=, CV/VT="
8468,Trống tên Lô,"Ngày=02/03/2026, Lô=, CV/VT="
8469,Trống tên Lô,"Ngày=02/03/2026, Lô=, CV/VT="
8470,Trống tên Lô,"Ngày=02/03/2026, Lô=, CV/VT="
8471,Trống tên Lô,"Ngày=02/03/2026, Lô=, CV/VT="
8472,Trống tên Lô,"Ngày=02/03/2026, Lô=, CV/VT="
8473,Trống tên Lô,"Ngày=02/03/2026, Lô=, CV/VT="
8474,Trống tên Lô,"Ngày=02/03/2026, Lô=, CV/VT="
8475,Trống tên Lô,"Ngày=02/03/2026, Lô=, CV/VT="
8476,Trống tên Lô,"Ngày=02/03/2026, Lô=, CV/VT="
8477,Trống tên Lô,"Ngày=02/03/2026, Lô=, CV/VT="
8478,Trống tên Lô,"Ngày=02/03/2026, Lô=, CV/VT="
8479,Trống tên Lô,"Ngày=02/03/2026, Lô=, CV/VT="
8480,Trống tên Lô,"Ngày=02/03/2026, Lô=, CV/VT="
8481,Trống tên Lô,"Ngày=02/03/2026, Lô=, CV/VT="
8482,Trống tên Lô,"Ngày=02/03/2026, Lô=, CV/VT="
8483,Trống tên Lô,"Ngày=03/03/2026, Lô=, CV/VT="
8484,Trống tên Lô,"Ngày=03/03/2026, Lô=, CV/VT="
8485,Trống tên Lô,"Ngày=03/03/2026, Lô=, CV/VT="
8486,Trống tên Lô,"Ngày=03/03/2026, Lô=, CV/VT="
8487,Trống tên Lô,"Ngày=03/03/2026, Lô=, CV/VT="
8488,Trống tên Lô,"Ngày=03/03/2026, Lô=, CV/VT="
8489,Trống tên Lô,"Ngày=03/03/2026, Lô=, CV/VT="
8490,Trống tên Lô,"Ngày=03/03/2026, Lô=, CV/VT="
8491,Trống tên Lô,"Ngày=03/03/2026, Lô=, CV/VT="
8492,Trống tên Lô,"Ngày=03/03/2026, Lô=, CV/VT="
8493,Trống tên Lô,"Ngày=03/03/2026, Lô=, CV/VT="
8494,Trống tên Lô,"Ngày=03/03/2026, Lô=, CV/VT="
8495,Trống tên Lô,"Ngày=03/03/2026, Lô=, CV/VT="
8496,Trống tên Lô,"Ngày=03/03/2026, Lô=, CV/VT="
8497,Trống tên Lô,"Ngày=03/03/2026, Lô=, CV/VT="
8498,Trống tên Lô,"Ngày=03/03/2026, Lô=, CV/VT="
8499,Trống tên Lô,"Ngày=03/03/2026, Lô=, CV/VT="
8500,Trống tên Lô,"Ngày=03/03/2026, Lô=, CV/VT="
8501,Trống tên Lô,"Ngày=03/03/2026, Lô=, CV/VT="
8502,Trống tên Lô,"Ngày=03/03/2026, Lô=, CV/VT="
8503,Trống tên Lô,"Ngày=04/03/2026, Lô=, CV/VT="
8504,Trống tên Lô,"Ngày=04/03/2026, Lô=, CV/VT="
8505,Trống tên Lô,"Ngày=04/03/2026, Lô=, CV/VT="
8506,Trống tên Lô,"Ngày=04/03/2026, Lô=, CV/VT="
8507,Trống tên Lô,"Ngày=04/03/2026, Lô=, CV/VT="
8508,Trống tên Lô,"Ngày=04/03/2026, Lô=, CV/VT="
8509,Trống tên Lô,"Ngày=04/03/2026, Lô=, CV/VT="
8510,Trống tên Lô,"Ngày=04/03/2026, Lô=, CV/VT="
8511,Trống tên Lô,"Ngày=04/03/2026, Lô=, CV/VT="
8512,Trống tên Lô,"Ngày=04/03/2026, Lô=, CV/VT="
8513,Trống tên Lô,"Ngày=04/03/2026, Lô=, CV/VT="
8514,Trống tên Lô,"Ngày=04/03/2026, Lô=, CV/VT="
8515,Trống tên Lô,"Ngày=04/03/2026, Lô=, CV/VT="
8516,Trống tên Lô,"Ngày=04/03/2026, Lô=, CV/VT="
8517,Trống tên Lô,"Ngày=04/03/2026, Lô=, CV/VT="
8518,Trống tên Lô,"Ngày=04/03/2026, Lô=, CV/VT="
8519,Trống tên Lô,"Ngày=04/03/2026, Lô=, CV/VT="
8520,Trống tên Lô,"Ngày=04/03/2026, Lô=, CV/VT="
8521,Trống tên Lô,"Ngày=04/03/2026, Lô=, CV/VT="
8522,Trống tên Lô,"Ngày=04/03/2026, Lô=, CV/VT="
8523,Trống tên Lô,"Ngày=04/03/2026, Lô=, CV/VT="
8524,Trống tên Lô,"Ngày=04/03/2026, Lô=, CV/VT="
8525,Trống tên Lô,"Ngày=04/03/2026, Lô=, CV/VT="
8526,Trống tên Lô,"Ngày=05/03/2026, Lô=, CV/VT="
8527,Trống tên Lô,"Ngày=05/03/2026, Lô=, CV/VT="
8528,Trống tên Lô,"Ngày=05/03/2026, Lô=, CV/VT="
8529,Trống tên Lô,"Ngày=05/03/2026, Lô=, CV/VT="
8530,Trống tên Lô,"Ngày=05/03/2026, Lô=, CV/VT="
8531,Trống tên Lô,"Ngày=05/03/2026, Lô=, CV/VT="
8532,Trống tên Lô,"Ngày=05/03/2026, Lô=, CV/VT="
8533,Trống tên Lô,"Ngày=05/03/2026, Lô=, CV/VT="
8534,Trống tên Lô,"Ngày=05/03/2026, Lô=, CV/VT="
8535,Trống tên Lô,"Ngày=05/03/2026, Lô=, CV/VT="
8536,Trống tên Lô,"Ngày=05/03/2026, Lô=, CV/VT="
8537,Trống tên Lô,"Ngày=05/03/2026, Lô=, CV/VT="
8538,Trống tên Lô,"Ngày=05/03/2026, Lô=, CV/VT="
8539,Trống tên Lô,"Ngày=05/03/2026, Lô=, CV/VT="
8540,Trống tên Lô,"Ngày=05/03/2026, Lô=, CV/VT="
8541,Trống tên Lô,"Ngày=05/03/2026, Lô=, CV/VT="
8542,Trống tên Lô,"Ngày=05/03/2026, Lô=, CV/VT="
8543,Trống tên Lô,"Ngày=05/03/2026, Lô=, CV/VT="
8544,Trống tên Lô,"Ngày=05/03/2026, Lô=, CV/VT="
8545,Trống tên Lô,"Ngày=05/03/2026, Lô=, CV/VT="
8546,Trống tên Lô,"Ngày=05/03/2026, Lô=, CV/VT="
8547,Trống tên Lô,"Ngày=05/03/2026, Lô=, CV/VT="
8548,Trống tên Lô,"Ngày=05/03/2026, Lô=, CV/VT="
8549,Trống tên Lô,"Ngày=05/03/2026, Lô=, CV/VT="
8550,Trống tên Lô,"Ngày=06/03/2026, Lô=, CV/VT="
8551,Trống tên Lô,"Ngày=06/03/2026, Lô=, CV/VT="
8552,Trống tên Lô,"Ngày=06/03/2026, Lô=, CV/VT="
8553,Trống tên Lô,"Ngày=06/03/2026, Lô=, CV/VT="
8554,Trống tên Lô,"Ngày=06/03/2026, Lô=, CV/VT="
8555,Trống tên Lô,"Ngày=06/03/2026, Lô=, CV/VT="
8556,Trống tên Lô,"Ngày=06/03/2026, Lô=, CV/VT="
8557,Trống tên Lô,"Ngày=06/03/2026, Lô=, CV/VT="
8558,Trống tên Lô,"Ngày=06/03/2026, Lô=, CV/VT="
8559,Trống tên Lô,"Ngày=06/03/2026, Lô=, CV/VT="
8560,Trống tên Lô,"Ngày=06/03/2026, Lô=, CV/VT="
8561,Trống tên Lô,"Ngày=06/03/2026, Lô=, CV/VT="
8562,Trống tên Lô,"Ngày=06/03/2026, Lô=, CV/VT="
8563,Trống tên Lô,"Ngày=06/03/2026, Lô=, CV/VT="
8564,Trống tên Lô,"Ngày=06/03/2026, Lô=, CV/VT="
8565,Trống tên Lô,"Ngày=06/03/2026, Lô=, CV/VT="
8566,Trống tên Lô,"Ngày=06/03/2026, Lô=, CV/VT="
8567,Trống tên Lô,"Ngày=06/03/2026, Lô=, CV/VT="
8568,Trống tên Lô,"Ngày=06/03/2026, Lô=, CV/VT="
8569,Trống tên Lô,"Ngày=06/03/2026, Lô=, CV/VT="
8570,Trống tên Lô,"Ngày=06/03/2026, Lô=, CV/VT="
8571,Trống tên Lô,"Ngày=06/03/2026, Lô=, CV/VT="
8572,Trống tên Lô,"Ngày=07/03/2026, Lô=, CV/VT="
8573,Trống tên Lô,"Ngày=07/03/2026, Lô=, CV/VT="
8574,Trống tên Lô,"Ngày=07/03/2026, Lô=, CV/VT="
8575,Trống tên Lô,"Ngày=07/03/2026, Lô=, CV/VT="
8576,Trống tên Lô,"Ngày=07/03/2026, Lô=, CV/VT="
8577,Trống tên Lô,"Ngày=07/03/2026, Lô=, CV/VT="
8578,Trống tên Lô,"Ngày=07/03/2026, Lô=, CV/VT="
8579,Trống tên Lô,"Ngày=07/03/2026, Lô=, CV/VT="
8580,Trống tên Lô,"Ngày=07/03/2026, Lô=, CV/VT="
8581,Trống tên Lô,"Ngày=07/03/2026, Lô=, CV/VT="
8582,Trống tên Lô,"Ngày=07/03/2026, Lô=, CV/VT="
8583,Trống tên Lô,"Ngày=07/03/2026, Lô=, CV/VT="
8584,Trống tên Lô,"Ngày=07/03/2026, Lô=, CV/VT="
8585,Trống tên Lô,"Ngày=07/03/2026, Lô=, CV/VT="
8586,Trống tên Lô,"Ngày=07/03/2026, Lô=, CV/VT="
8587,Trống tên Lô,"Ngày=07/03/2026, Lô=, CV/VT="
8588,Trống tên Lô,"Ngày=07/03/2026, Lô=, CV/VT="
8589,Trống tên Lô,"Ngày=07/03/2026, Lô=, CV/VT="
8590,Trống tên Lô,"Ngày=07/03/2026, Lô=, CV/VT="
8591,Trống tên Lô,"Ngày=08/03/2026, Lô=, CV/VT="
8592,Trống tên Lô,"Ngày=08/03/2026, Lô=, CV/VT="
8593,Trống tên Lô,"Ngày=08/03/2026, Lô=, CV/VT="
8594,Trống tên Lô,"Ngày=08/03/2026, Lô=, CV/VT="
8595,Trống tên Lô,"Ngày=08/03/2026, Lô=, CV/VT="
8596,Trống tên Lô,"Ngày=08/03/2026, Lô=, CV/VT="
8597,Trống tên Lô,"Ngày=08/03/2026, Lô=, CV/VT="
8598,Trống tên Lô,"Ngày=09/03/2026, Lô=, CV/VT="
8599,Trống tên Lô,"Ngày=09/03/2026, Lô=, CV/VT="
8600,Trống tên Lô,"Ngày=09/03/2026, Lô=, CV/VT="
8601,Trống tên Lô,"Ngày=09/03/2026, Lô=, CV/VT="
8602,Trống tên Lô,"Ngày=09/03/2026, Lô=, CV/VT="
8603,Trống tên Lô,"Ngày=09/03/2026, Lô=, CV/VT="
8604,Trống tên Lô,"Ngày=09/03/2026, Lô=, CV/VT="
8605,Trống tên Lô,"Ngày=09/03/2026, Lô=, CV/VT="
8606,Trống tên Lô,"Ngày=09/03/2026, Lô=, CV/VT="
8607,Trống tên Lô,"Ngày=09/03/2026, Lô=, CV/VT="
8608,Trống tên Lô,"Ngày=09/03/2026, Lô=, CV/VT="
8609,Trống tên Lô,"Ngày=09/03/2026, Lô=, CV/VT="
8610,Trống tên Lô,"Ngày=09/03/2026, Lô=, CV/VT="
8611,Trống tên Lô,"Ngày=09/03/2026, Lô=, CV/VT="
8612,Trống tên Lô,"Ngày=09/03/2026, Lô=, CV/VT="
8613,Trống tên Lô,"Ngày=09/03/2026, Lô=, CV/VT="
8614,Trống tên Lô,"Ngày=07/03/2026, Lô=, CV/VT="
8615,Trống tên Lô,"Ngày=07/03/2026, Lô=, CV/VT="
8616,Trống tên Lô,"Ngày=07/03/2026, Lô=, CV/VT="
8617,Trống tên Lô,"Ngày=10/03/2026, Lô=, CV/VT="
8618,Trống tên Lô,"Ngày=10/03/2026, Lô=, CV/VT="
8619,Trống tên Lô,"Ngày=10/03/2026, Lô=, CV/VT="
8620,Trống tên Lô,"Ngày=10/03/2026, Lô=, CV/VT="
8621,Trống tên Lô,"Ngày=10/03/2026, Lô=, CV/VT="
8622,Trống tên Lô,"Ngày=10/03/2026, Lô=, CV/VT="
8623,Trống tên Lô,"Ngày=10/03/2026, Lô=, CV/VT="
8624,Trống tên Lô,"Ngày=10/03/2026, Lô=, CV/VT="
8625,Trống tên Lô,"Ngày=10/03/2026, Lô=, CV/VT="
8626,Trống tên Lô,"Ngày=10/03/2026, Lô=, CV/VT="
8627,Trống tên Lô,"Ngày=10/03/2026, Lô=, CV/VT="
8628,Trống tên Lô,"Ngày=10/03/2026, Lô=, CV/VT="
8629,Trống tên Lô,"Ngày=10/03/2026, Lô=, CV/VT="
8630,Trống tên Lô,"Ngày=10/03/2026, Lô=, CV/VT="
8631,Trống tên Lô,"Ngày=10/03/2026, Lô=, CV/VT="
8632,Trống tên Lô,"Ngày=10/03/2026, Lô=, CV/VT="
8633,Trống tên Lô,"Ngày=10/03/2026, Lô=, CV/VT="
8634,Trống tên Lô,"Ngày=10/03/2026, Lô=, CV/VT="
8635,Trống tên Lô,"Ngày=10/03/2026, Lô=, CV/VT="
8636,Trống tên Lô,"Ngày=10/03/2026, Lô=, CV/VT="
8637,Trống tên Lô,"Ngày=11/03/2026, Lô=, CV/VT="
8638,Trống tên Lô,"Ngày=11/03/2026, Lô=, CV/VT="
8639,Trống tên Lô,"Ngày=11/03/2026, Lô=, CV/VT="
8640,Trống tên Lô,"Ngày=11/03/2026, Lô=, CV/VT="
8641,Trống tên Lô,"Ngày=11/03/2026, Lô=, CV/VT="
8642,Trống tên Lô,"Ngày=11/03/2026, Lô=, CV/VT="
8643,Trống tên Lô,"Ngày=11/03/2026, Lô=, CV/VT="
8644,Trống tên Lô,"Ngày=11/03/2026, Lô=, CV/VT="
8645,Trống tên Lô,"Ngày=11/03/2026, Lô=, CV/VT="
8646,Trống tên Lô,"Ngày=11/03/2026, Lô=, CV/VT="
8647,Trống tên Lô,"Ngày=11/03/2026, Lô=, CV/VT="
8648,Trống tên Lô,"Ngày=11/03/2026, Lô=, CV/VT="
8649,Trống tên Lô,"Ngày=11/03/2026, Lô=, CV/VT="
8650,Trống tên Lô,"Ngày=11/03/2026, Lô=, CV/VT="
8651,Trống tên Lô,"Ngày=11/03/2026, Lô=, CV/VT="
8652,Trống tên Lô,"Ngày=11/03/2026, Lô=, CV/VT="
8653,Trống tên Lô,"Ngày=11/03/2026, Lô=, CV/VT="
8654,Trống tên Lô,"Ngày=11/03/2026, Lô=, CV/VT="
8655,Trống tên Lô,"Ngày=11/03/2026, Lô=, CV/VT="
8656,Trống tên Lô,"Ngày=11/03/2026, Lô=, CV/VT="
8657,Trống tên Lô,"Ngày=12/03/2026, Lô=, CV/VT="
8658,Trống tên Lô,"Ngày=12/03/2026, Lô=, CV/VT="
8659,Trống tên Lô,"Ngày=12/03/2026, Lô=, CV/VT="
8660,Trống tên Lô,"Ngày=12/03/2026, Lô=, CV/VT="
8661,Trống tên Lô,"Ngày=12/03/2026, Lô=, CV/VT="
8662,Trống tên Lô,"Ngày=12/03/2026, Lô=, CV/VT="
8663,Trống tên Lô,"Ngày=12/03/2026, Lô=, CV/VT="
8664,Trống tên Lô,"Ngày=12/03/2026, Lô=, CV/VT="
8665,Trống tên Lô,"Ngày=12/03/2026, Lô=, CV/VT="
8666,Trống tên Lô,"Ngày=12/03/2026, Lô=, CV/VT="
8667,Trống tên Lô,"Ngày=12/03/2026, Lô=, CV/VT="
8668,Trống tên Lô,"Ngày=12/03/2026, Lô=, CV/VT="
8669,Trống tên Lô,"Ngày=12/03/2026, Lô=, CV/VT="
8670,Trống tên Lô,"Ngày=12/03/2026, Lô=, CV/VT="
8671,Trống tên Lô,"Ngày=12/03/2026, Lô=, CV/VT="
8672,Trống tên Lô,"Ngày=12/03/2026, Lô=, CV/VT="
8673,Trống tên Lô,"Ngày=12/03/2026, Lô=, CV/VT="
8674,Trống tên Lô,"Ngày=12/03/2026, Lô=, CV/VT="
8675,Trống tên Lô,"Ngày=13/03/2026, Lô=, CV/VT="
8676,Trống tên Lô,"Ngày=13/03/2026, Lô=, CV/VT="
8677,Trống tên Lô,"Ngày=13/03/2026, Lô=, CV/VT="
8678,Trống tên Lô,"Ngày=13/03/2026, Lô=, CV/VT="
8679,Trống tên Lô,"Ngày=13/03/2026, Lô=, CV/VT="
8680,Trống tên Lô,"Ngày=13/03/2026, Lô=, CV/VT="
8681,Trống tên Lô,"Ngày=13/03/2026, Lô=, CV/VT="
8682,Trống tên Lô,"Ngày=13/03/2026, Lô=, CV/VT="
8683,Trống tên Lô,"Ngày=13/03/2026, Lô=, CV/VT="
8684,Trống tên Lô,"Ngày=13/03/2026, Lô=, CV/VT="
8685,Trống tên Lô,"Ngày=13/03/2026, Lô=, CV/VT="
8686,Trống tên Lô,"Ngày=13/03/2026, Lô=, CV/VT="
8687,Trống tên Lô,"Ngày=13/03/2026, Lô=, CV/VT="
8688,Trống tên Lô,"Ngày=13/03/2026, Lô=, CV/VT="
8689,Trống tên Lô,"Ngày=13/03/2026, Lô=, CV/VT="
8690,Trống tên Lô,"Ngày=14/03/2026, Lô=, CV/VT="
8691,Trống tên Lô,"Ngày=14/03/2026, Lô=, CV/VT="
8692,Trống tên Lô,"Ngày=14/03/2026, Lô=, CV/VT="
8693,Trống tên Lô,"Ngày=14/03/2026, Lô=, CV/VT="
8694,Trống tên Lô,"Ngày=14/03/2026, Lô=, CV/VT="
8695,Trống tên Lô,"Ngày=14/03/2026, Lô=, CV/VT="
8696,Trống tên Lô,"Ngày=14/03/2026, Lô=, CV/VT="
8697,Trống tên Lô,"Ngày=14/03/2026, Lô=, CV/VT="
8698,Trống tên Lô,"Ngày=14/03/2026, Lô=, CV/VT="
8699,Trống tên Lô,"Ngày=14/03/2026, Lô=, CV/VT="
8700,Trống tên Lô,"Ngày=14/03/2026, Lô=, CV/VT="
8701,Trống tên Lô,"Ngày=14/03/2026, Lô=, CV/VT="
8702,Trống tên Lô,"Ngày=14/03/2026, Lô=, CV/VT="
8703,Trống tên Lô,"Ngày=14/03/2026, Lô=, CV/VT="
8704,Trống tên Lô,"Ngày=14/03/2026, Lô=, CV/VT="
8705,Trống tên Lô,"Ngày=14/03/2026, Lô=, CV/VT="
8706,Trống tên Lô,"Ngày=14/03/2026, Lô=, CV/VT="
8707,Trống tên Lô,"Ngày=14/03/2026, Lô=, CV/VT="
8708,Trống tên Lô,"Ngày=14/03/2026, Lô=, CV/VT="
8709,Trống tên Lô,"Ngày=14/03/2026, Lô=, CV/VT="
8710,Trống tên Lô,"Ngày=14/03/2026, Lô=, CV/VT="
8711,Trống tên Lô,"Ngày=15/03/2026, Lô=, CV/VT="
8712,Trống tên Lô,"Ngày=15/03/2026, Lô=, CV/VT="
8713,Trống tên Lô,"Ngày=15/03/2026, Lô=, CV/VT="
8714,Trống tên Lô,"Ngày=15/03/2026, Lô=, CV/VT="
8715,Trống tên Lô,"Ngày=15/03/2026, Lô=, CV/VT="
8716,Trống tên Lô,"Ngày=15/03/2026, Lô=, CV/VT="
8717,Trống tên Lô,"Ngày=16/03/2026, Lô=, CV/VT="
8718,Trống tên Lô,"Ngày=16/03/2026, Lô=, CV/VT="
8719,Trống tên Lô,"Ngày=16/03/2026, Lô=, CV/VT="
8720,Trống tên Lô,"Ngày=16/03/2026, Lô=, CV/VT="
8721,Trống tên Lô,"Ngày=16/03/2026, Lô=, CV/VT="
8722,Trống tên Lô,"Ngày=16/03/2026, Lô=, CV/VT="
8723,Trống tên Lô,"Ngày=16/03/2026, Lô=, CV/VT="
8724,Trống tên Lô,"Ngày=16/03/2026, Lô=, CV/VT="
8725,Trống tên Lô,"Ngày=16/03/2026, Lô=, CV/VT="
8726,Trống tên Lô,"Ngày=16/03/2026, Lô=, CV/VT="
8727,Trống tên Lô,"Ngày=16/03/2026, Lô=, CV/VT="
8728,Trống tên Lô,"Ngày=16/03/2026, Lô=, CV/VT="
8729,Trống tên Lô,"Ngày=16/03/2026, Lô=, CV/VT="
8730,Trống tên Lô,"Ngày=16/03/2026, Lô=, CV/VT="
8731,Trống tên Lô,"Ngày=20/01/2026, Lô=, CV/VT="
8732,Trống tên Lô,"Ngày=20/01/2026, Lô=, CV/VT="
8733,Trống tên Lô,"Ngày=20/01/2026, Lô=, CV/VT="
8734,Trống tên Lô,"Ngày=20/01/2026, Lô=, CV/VT="
8735,Trống tên Lô,"Ngày=20/01/2026, Lô=, CV/VT="
8736,Trống tên Lô,"Ngày=20/01/2026, Lô=, CV/VT="
8737,Trống tên Lô,"Ngày=20/01/2026, Lô=, CV/VT="
8738,Trống tên Lô,"Ngày=20/01/2026, Lô=, CV/VT="
8739,Trống tên Lô,"Ngày=20/01/2026, Lô=, CV/VT="
8740,Trống tên Lô,"Ngày=20/01/2026, Lô=, CV/VT="
8741,Trống tên Lô,"Ngày=20/01/2026, Lô=, CV/VT="
8742,Trống tên Lô,"Ngày=20/01/2026, Lô=, CV/VT="
8743,Trống tên Lô,"Ngày=20/01/2026, Lô=, CV/VT="
8744,Trống tên Lô,"Ngày=20/01/2026, Lô=, CV/VT="
8745,Trống tên Lô,"Ngày=20/01/2026, Lô=, CV/VT="
8746,Trống tên Lô,"Ngày=20/01/2026, Lô=, CV/VT="
8747,Trống tên Lô,"Ngày=20/01/2026, Lô=, CV/VT="
8748,Trống tên Lô,"Ngày=20/01/2026, Lô=, CV/VT="
8749,Trống tên Lô,"Ngày=21/01/2026, Lô=, CV/VT="
8750,Trống tên Lô,"Ngày=21/01/2026, Lô=, CV/VT="
8751,Trống tên Lô,"Ngày=21/01/2026, Lô=, CV/VT="
8752,Trống tên Lô,"Ngày=21/01/2026, Lô=, CV/VT="
8753,Trống tên Lô,"Ngày=21/01/2026, Lô=, CV/VT="
8754,Trống tên Lô,"Ngày=21/01/2026, Lô=, CV/VT="
8755,Trống tên Lô,"Ngày=21/01/2026, Lô=, CV/VT="
8756,Trống tên Lô,"Ngày=21/01/2026, Lô=, CV/VT="
8757,Trống tên Lô,"Ngày=21/01/2026, Lô=, CV/VT="
8758,Trống tên Lô,"Ngày=21/01/2026, Lô=, CV/VT="
8759,Trống tên Lô,"Ngày=21/01/2026, Lô=, CV/VT="
8760,Trống tên Lô,"Ngày=21/01/2026, Lô=, CV/VT="
8761,Trống tên Lô,"Ngày=21/01/2026, Lô=, CV/VT="
8762,Trống tên Lô,"Ngày=21/01/2026, Lô=, CV/VT="
8763,Trống tên Lô,"Ngày=21/01/2026, Lô=, CV/VT="
8764,Trống tên Lô,"Ngày=21/01/2026, Lô=, CV/VT="
8765,Trống tên Lô,"Ngày=21/01/2026, Lô=, CV/VT="
8766,Trống tên Lô,"Ngày=22/01/2026, Lô=, CV/VT="
8767,Trống tên Lô,"Ngày=22/01/2026, Lô=, CV/VT="
8768,Trống tên Lô,"Ngày=22/01/2026, Lô=, CV/VT="
8769,Trống tên Lô,"Ngày=22/01/2026, Lô=, CV/VT="
8770,Trống tên Lô,"Ngày=22/01/2026, Lô=, CV/VT="
8771,Trống tên Lô,"Ngày=22/01/2026, Lô=, CV/VT="
8772,Trống tên Lô,"Ngày=22/01/2026, Lô=, CV/VT="
8773,Trống tên Lô,"Ngày=22/01/2026, Lô=, CV/VT="
8774,Trống tên Lô,"Ngày=22/01/2026, Lô=, CV/VT="
8775,Trống tên Lô,"Ngày=22/01/2026, Lô=, CV/VT="
8776,Trống tên Lô,"Ngày=22/01/2026, Lô=, CV/VT="
8777,Trống tên Lô,"Ngày=22/01/2026, Lô=, CV/VT="
8778,Trống tên Lô,"Ngày=22/01/2026, Lô=, CV/VT="
8779,Trống tên Lô,"Ngày=22/01/2026, Lô=, CV/VT="
8780,Trống tên Lô,"Ngày=22/01/2026, Lô=, CV/VT="
8781,Trống tên Lô,"Ngày=22/01/2026, Lô=, CV/VT="
8782,Trống tên Lô,"Ngày=23/01/2026, Lô=, CV/VT="
8783,Trống tên Lô,"Ngày=23/01/2026, Lô=, CV/VT="
8784,Trống tên Lô,"Ngày=23/01/2026, Lô=, CV/VT="
8785,Trống tên Lô,"Ngày=23/01/2026, Lô=, CV/VT="
8786,Trống tên Lô,"Ngày=23/01/2026, Lô=, CV/VT="
8787,Trống tên Lô,"Ngày=23/01/2026, Lô=, CV/VT="
8788,Trống tên Lô,"Ngày=23/01/2026, Lô=, CV/VT="
8789,Trống tên Lô,"Ngày=23/01/2026, Lô=, CV/VT="
8790,Trống tên Lô,"Ngày=23/01/2026, Lô=, CV/VT="
8791,Trống tên Lô,"Ngày=23/01/2026, Lô=, CV/VT="
8792,Trống tên Lô,"Ngày=23/01/2026, Lô=, CV/VT="
8793,Trống tên Lô,"Ngày=23/01/2026, Lô=, CV/VT="
8794,Trống tên Lô,"Ngày=24/01/2026, Lô=, CV/VT="
8795,Trống tên Lô,"Ngày=24/01/2026, Lô=, CV/VT="
8796,Trống tên Lô,"Ngày=24/01/2026, Lô=, CV/VT="
8797,Trống tên Lô,"Ngày=24/01/2026, Lô=, CV/VT="
8798,Trống tên Lô,"Ngày=24/01/2026, Lô=, CV/VT="
8799,Trống tên Lô,"Ngày=24/01/2026, Lô=, CV/VT="
8800,Trống tên Lô,"Ngày=24/01/2026, Lô=, CV/VT="
8801,Trống tên Lô,"Ngày=24/01/2026, Lô=, CV/VT="
8802,Trống tên Lô,"Ngày=24/01/2026, Lô=, CV/VT="
8803,Trống tên Lô,"Ngày=24/01/2026, Lô=, CV/VT="
8804,Trống tên Lô,"Ngày=24/01/2026, Lô=, CV/VT="
8805,Trống tên Lô,"Ngày=24/01/2026, Lô=, CV/VT="
8806,Trống tên Lô,"Ngày=24/01/2026, Lô=, CV/VT="
8807,Trống tên Lô,"Ngày=24/01/2026, Lô=, CV/VT="
8808,Trống tên Lô,"Ngày=24/01/2026, Lô=, CV/VT="
8809,Trống tên Lô,"Ngày=25/01/2026, Lô=, CV/VT="
8810,Trống tên Lô,"Ngày=25/01/2026, Lô=, CV/VT="
8811,Trống tên Lô,"Ngày=26/01/2026, Lô=, CV/VT="
8812,Trống tên Lô,"Ngày=26/01/2026, Lô=, CV/VT="
8813,Trống tên Lô,"Ngày=26/01/2026, Lô=, CV/VT="
8814,Trống tên Lô,"Ngày=26/01/2026, Lô=, CV/VT="
8815,Trống tên Lô,"Ngày=26/01/2026, Lô=, CV/VT="
8816,Trống tên Lô,"Ngày=26/01/2026, Lô=, CV/VT="
8817,Trống tên Lô,"Ngày=26/01/2026, Lô=, CV/VT="
8818,Trống tên Lô,"Ngày=26/01/2026, Lô=, CV/VT="
8819,Trống tên Lô,"Ngày=26/01/2026, Lô=, CV/VT="
8820,Trống tên Lô,"Ngày=26/01/2026, Lô=, CV/VT="
8821,Trống tên Lô,"Ngày=26/01/2026, Lô=, CV/VT="
8822,Trống tên Lô,"Ngày=26/01/2026, Lô=, CV/VT="
8823,Trống tên Lô,"Ngày=26/01/2026, Lô=, CV/VT="
8824,Trống tên Lô,"Ngày=26/01/2026, Lô=, CV/VT="
8825,Trống tên Lô,"Ngày=26/01/2026, Lô=, CV/VT="
8826,Trống tên Lô,"Ngày=26/01/2026, Lô=, CV/VT="
8827,Trống tên Lô,"Ngày=27/01/2026, Lô=, CV/VT="
8828,Trống tên Lô,"Ngày=27/01/2026, Lô=, CV/VT="
8829,Trống tên Lô,"Ngày=27/01/2026, Lô=, CV/VT="
8830,Trống tên Lô,"Ngày=27/01/2026, Lô=, CV/VT="
8831,Trống tên Lô,"Ngày=27/01/2026, Lô=, CV/VT="
8832,Trống tên Lô,"Ngày=27/01/2026, Lô=, CV/VT="
8833,Trống tên Lô,"Ngày=27/01/2026, Lô=, CV/VT="
8834,Trống tên Lô,"Ngày=27/01/2026, Lô=, CV/VT="
8835,Trống tên Lô,"Ngày=27/01/2026, Lô=, CV/VT="
8836,Trống tên Lô,"Ngày=27/01/2026, Lô=, CV/VT="
8837,Trống tên Lô,"Ngày=27/01/2026, Lô=, CV/VT="
8838,Trống tên Lô,"Ngày=27/01/2026, Lô=, CV/VT="
8839,Trống tên Lô,"Ngày=27/01/2026, Lô=, CV/VT="
8840,Trống tên Lô,"Ngày=27/01/2026, Lô=, CV/VT="
8841,Trống tên Lô,"Ngày=27/01/2026, Lô=, CV/VT="
8842,Trống tên Lô,"Ngày=27/01/2026, Lô=, CV/VT="
8843,Trống tên Lô,"Ngày=27/01/2026, Lô=, CV/VT="
8844,Trống tên Lô,"Ngày=27/01/2026, Lô=, CV/VT="
8845,Trống tên Lô,"Ngày=27/01/2026, Lô=, CV/VT="
8846,Trống tên Lô,"Ngày=28/01/2026, Lô=, CV/VT="
8847,Trống tên Lô,"Ngày=28/01/2026, Lô=, CV/VT="
8848,Trống tên Lô,"Ngày=28/01/2026, Lô=, CV/VT="
8849,Trống tên Lô,"Ngày=28/01/2026, Lô=, CV/VT="
8850,Trống tên Lô,"Ngày=28/01/2026, Lô=, CV/VT="
8851,Trống tên Lô,"Ngày=28/01/2026, Lô=, CV/VT="
8852,Trống tên Lô,"Ngày=28/01/2026, Lô=, CV/VT="
8853,Trống tên Lô,"Ngày=28/01/2026, Lô=, CV/VT="
8854,Trống tên Lô,"Ngày=28/01/2026, Lô=, CV/VT="
8855,Trống tên Lô,"Ngày=28/01/2026, Lô=, CV/VT="
8856,Trống tên Lô,"Ngày=28/01/2026, Lô=, CV/VT="
8857,Trống tên Lô,"Ngày=28/01/2026, Lô=, CV/VT="
8858,Trống tên Lô,"Ngày=28/01/2026, Lô=, CV/VT="
8859,Trống tên Lô,"Ngày=28/01/2026, Lô=, CV/VT="
8860,Trống tên Lô,"Ngày=28/01/2026, Lô=, CV/VT="
8861,Trống tên Lô,"Ngày=29/01/2026, Lô=, CV/VT="
8862,Trống tên Lô,"Ngày=29/01/2026, Lô=, CV/VT="
8863,Trống tên Lô,"Ngày=29/01/2026, Lô=, CV/VT="
8864,Trống tên Lô,"Ngày=29/01/2026, Lô=, CV/VT="
8865,Trống tên Lô,"Ngày=29/01/2026, Lô=, CV/VT="
8866,Trống tên Lô,"Ngày=29/01/2026, Lô=, CV/VT="
8867,Trống tên Lô,"Ngày=29/01/2026, Lô=, CV/VT="
8868,Trống tên Lô,"Ngày=29/01/2026, Lô=, CV/VT="
8869,Trống tên Lô,"Ngày=29/01/2026, Lô=, CV/VT="
8870,Trống tên Lô,"Ngày=29/01/2026, Lô=, CV/VT="
8871,Trống tên Lô,"Ngày=29/01/2026, Lô=, CV/VT="
8872,Trống tên Lô,"Ngày=30/01/2026, Lô=, CV/VT="
8873,Trống tên Lô,"Ngày=30/01/2026, Lô=, CV/VT="
8874,Trống tên Lô,"Ngày=30/01/2026, Lô=, CV/VT="
8875,Trống tên Lô,"Ngày=30/01/2026, Lô=, CV/VT="
8876,Trống tên Lô,"Ngày=30/01/2026, Lô=, CV/VT="
8877,Trống tên Lô,"Ngày=30/01/2026, Lô=, CV/VT="
8878,Trống tên Lô,"Ngày=30/01/2026, Lô=, CV/VT="
8879,Trống tên Lô,"Ngày=30/01/2026, Lô=, CV/VT="
8880,Trống tên Lô,"Ngày=30/01/2026, Lô=, CV/VT="
8881,Trống tên Lô,"Ngày=31/01/2026, Lô=, CV/VT="
8882,Trống tên Lô,"Ngày=31/01/2026, Lô=, CV/VT="
8883,Trống tên Lô,"Ngày=31/01/2026, Lô=, CV/VT="
8884,Trống tên Lô,"Ngày=31/01/2026, Lô=, CV/VT="
8885,Trống tên Lô,"Ngày=31/01/2026, Lô=, CV/VT="
8886,Trống tên Lô,"Ngày=31/01/2026, Lô=, CV/VT="
8887,Trống tên Lô,"Ngày=31/01/2026, Lô=, CV/VT="
8888,Trống tên Lô,"Ngày=31/01/2026, Lô=, CV/VT="
8889,Trống tên Lô,"Ngày=31/01/2026, Lô=, CV/VT="
8890,Trống tên Lô,"Ngày=31/01/2026, Lô=, CV/VT="
8891,Trống tên Lô,"Ngày=31/01/2026, Lô=, CV/VT="
8892,Trống tên Lô,"Ngày=31/01/2026, Lô=, CV/VT="
8893,Trống tên Lô,"Ngày=31/01/2026, Lô=, CV/VT="
8894,Trống tên Lô,"Ngày=31/01/2026, Lô=, CV/VT="
8895,Trống tên Lô,"Ngày=31/01/2026, Lô=, CV/VT="
8896,Trống tên Lô,"Ngày=31/01/2026, Lô=, CV/VT="
8897,Trống tên Lô,"Ngày=31/01/2026, Lô=, CV/VT="
8898,Trống tên Lô,"Ngày=31/01/2026, Lô=, CV/VT="
8899,Trống tên Lô,"Ngày=01/02/2026, Lô=, CV/VT="
8900,Trống tên Lô,"Ngày=01/02/2026, Lô=, CV/VT="
8901,Trống tên Lô,"Ngày=01/02/2026, Lô=, CV/VT="
8902,Trống tên Lô,"Ngày=02/02/2026, Lô=, CV/VT="
8903,Trống tên Lô,"Ngày=02/02/2026, Lô=, CV/VT="
8904,Trống tên Lô,"Ngày=02/02/2026, Lô=, CV/VT="
8905,Trống tên Lô,"Ngày=02/02/2026, Lô=, CV/VT="
8906,Trống tên Lô,"Ngày=02/02/2026, Lô=, CV/VT="
8907,Trống tên Lô,"Ngày=02/02/2026, Lô=, CV/VT="
8908,Trống tên Lô,"Ngày=02/02/2026, Lô=, CV/VT="
8909,Trống tên Lô,"Ngày=02/02/2026, Lô=, CV/VT="
8910,Trống tên Lô,"Ngày=02/02/2026, Lô=, CV/VT="
8911,Trống tên Lô,"Ngày=02/02/2026, Lô=, CV/VT="
8912,Trống tên Lô,"Ngày=02/02/2026, Lô=, CV/VT="
8913,Trống tên Lô,"Ngày=03/02/2026, Lô=, CV/VT="
8914,Trống tên Lô,"Ngày=03/02/2026, Lô=, CV/VT="
8915,Trống tên Lô,"Ngày=03/02/2026, Lô=, CV/VT="
8916,Trống tên Lô,"Ngày=03/02/2026, Lô=, CV/VT="
8917,Trống tên Lô,"Ngày=03/02/2026, Lô=, CV/VT="
8918,Trống tên Lô,"Ngày=03/02/2026, Lô=, CV/VT="
8919,Trống tên Lô,"Ngày=03/02/2026, Lô=, CV/VT="
8920,Trống tên Lô,"Ngày=03/02/2026, Lô=, CV/VT="
8921,Trống tên Lô,"Ngày=03/02/2026, Lô=, CV/VT="
8922,Trống tên Lô,"Ngày=03/02/2026, Lô=, CV/VT="
8923,Trống tên Lô,"Ngày=03/02/2026, Lô=, CV/VT="
8924,Trống tên Lô,"Ngày=03/02/2026, Lô=, CV/VT="
8925,Trống tên Lô,"Ngày=03/02/2026, Lô=, CV/VT="
8926,Trống tên Lô,"Ngày=04/02/2026, Lô=, CV/VT="
8927,Trống tên Lô,"Ngày=04/02/2026, Lô=, CV/VT="
8928,Trống tên Lô,"Ngày=04/02/2026, Lô=, CV/VT="
8929,Trống tên Lô,"Ngày=04/02/2026, Lô=, CV/VT="
8930,Trống tên Lô,"Ngày=04/02/2026, Lô=, CV/VT="
8931,Trống tên Lô,"Ngày=04/02/2026, Lô=, CV/VT="
8932,Trống tên Lô,"Ngày=04/02/2026, Lô=, CV/VT="
8933,Trống tên Lô,"Ngày=04/02/2026, Lô=, CV/VT="
8934,Trống tên Lô,"Ngày=04/02/2026, Lô=, CV/VT="
8935,Trống tên Lô,"Ngày=04/02/2026, Lô=, CV/VT="
8936,Trống tên Lô,"Ngày=04/02/2026, Lô=, CV/VT="
8937,Trống tên Lô,"Ngày=05/02/2026, Lô=, CV/VT="
8938,Trống tên Lô,"Ngày=05/02/2026, Lô=, CV/VT="
8939,Trống tên Lô,"Ngày=05/02/2026, Lô=, CV/VT="
8940,Trống tên Lô,"Ngày=05/02/2026, Lô=, CV/VT="
8941,Trống tên Lô,"Ngày=06/02/2026, Lô=, CV/VT="
8942,Trống tên Lô,"Ngày=06/02/2026, Lô=, CV/VT="
8943,Trống tên Lô,"Ngày=06/02/2026, Lô=, CV/VT="
8944,Trống tên Lô,"Ngày=06/02/2026, Lô=, CV/VT="
8945,Trống tên Lô,"Ngày=06/02/2026, Lô=, CV/VT="
8946,Trống tên Lô,"Ngày=06/02/2026, Lô=, CV/VT="
8947,Trống tên Lô,"Ngày=06/02/2026, Lô=, CV/VT="
8948,Trống tên Lô,"Ngày=06/02/2026, Lô=, CV/VT="
8949,Trống tên Lô,"Ngày=06/02/2026, Lô=, CV/VT="
8950,Trống tên Lô,"Ngày=06/02/2026, Lô=, CV/VT="
8951,Trống tên Lô,"Ngày=06/02/2026, Lô=, CV/VT="
8952,Trống tên Lô,"Ngày=06/02/2026, Lô=, CV/VT="
8953,Trống tên Lô,"Ngày=06/02/2026, Lô=, CV/VT="
8954,Trống tên Lô,"Ngày=06/02/2026, Lô=, CV/VT="
8955,Trống tên Lô,"Ngày=06/02/2026, Lô=, CV/VT="
8956,Trống tên Lô,"Ngày=06/02/2026, Lô=, CV/VT="
8957,Trống tên Lô,"Ngày=06/02/2026, Lô=, CV/VT="
8958,Trống tên Lô,"Ngày=06/02/2026, Lô=, CV/VT="
8959,Trống tên Lô,"Ngày=07/02/2026, Lô=, CV/VT="
8960,Trống tên Lô,"Ngày=07/02/2026, Lô=, CV/VT="
8961,Trống tên Lô,"Ngày=07/02/2026, Lô=, CV/VT="
8962,Trống tên Lô,"Ngày=07/02/2026, Lô=, CV/VT="
8963,Trống tên Lô,"Ngày=07/02/2026, Lô=, CV/VT="
8964,Trống tên Lô,"Ngày=07/02/2026, Lô=, CV/VT="
8965,Trống tên Lô,"Ngày=07/02/2026, Lô=, CV/VT="
8966,Trống tên Lô,"Ngày=07/02/2026, Lô=, CV/VT="
8967,Trống tên Lô,"Ngày=07/02/2026, Lô=, CV/VT="
8968,Trống tên Lô,"Ngày=07/02/2026, Lô=, CV/VT="
8969,Trống tên Lô,"Ngày=07/02/2026, Lô=, CV/VT="
8970,Trống tên Lô,"Ngày=07/02/2026, Lô=, CV/VT="
8971,Trống tên Lô,"Ngày=08/02/2026, Lô=, CV/VT="
8972,Trống tên Lô,"Ngày=08/02/2026, Lô=, CV/VT="
8973,Trống tên Lô,"Ngày=08/02/2026, Lô=, CV/VT="
8974,Trống tên Lô,"Ngày=08/02/2026, Lô=, CV/VT="
8975,Trống tên Lô,"Ngày=08/02/2026, Lô=, CV/VT="
8976,Trống tên Lô,"Ngày=08/02/2026, Lô=, CV/VT="
8977,Trống tên Lô,"Ngày=09/02/2026, Lô=, CV/VT="
8978,Trống tên Lô,"Ngày=09/02/2026, Lô=, CV/VT="
8979,Trống tên Lô,"Ngày=09/02/2026, Lô=, CV/VT="
8980,Trống tên Lô,"Ngày=09/02/2026, Lô=, CV/VT="
8981,Trống tên Lô,"Ngày=09/02/2026, Lô=, CV/VT="
8982,Trống tên Lô,"Ngày=09/02/2026, Lô=, CV/VT="
8983,Trống tên Lô,"Ngày=09/02/2026, Lô=, CV/VT="
8984,Trống tên Lô,"Ngày=09/02/2026, Lô=, CV/VT="
8985,Trống tên Lô,"Ngày=09/02/2026, Lô=, CV/VT="
8986,Trống tên Lô,"Ngày=09/02/2026, Lô=, CV/VT="
8987,Trống tên Lô,"Ngày=09/02/2026, Lô=, CV/VT="
8988,Trống tên Lô,"Ngày=09/02/2026, Lô=, CV/VT="
8989,Trống tên Lô,"Ngày=09/02/2026, Lô=, CV/VT="
8990,Trống tên Lô,"Ngày=10/02/2026, Lô=, CV/VT="
8991,Trống tên Lô,"Ngày=10/02/2026, Lô=, CV/VT="
8992,Trống tên Lô,"Ngày=10/02/2026, Lô=, CV/VT="
8993,Trống tên Lô,"Ngày=10/02/2026, Lô=, CV/VT="
8994,Trống tên Lô,"Ngày=10/02/2026, Lô=, CV/VT="
8995,Trống tên Lô,"Ngày=10/02/2026, Lô=, CV/VT="
8996,Trống tên Lô,"Ngày=10/02/2026, Lô=, CV/VT="
8997,Trống tên Lô,"Ngày=10/02/2026, Lô=, CV/VT="
8998,Trống tên Lô,"Ngày=10/02/2026, Lô=, CV/VT="
8999,Trống tên Lô,"Ngày=10/02/2026, Lô=, CV/VT="
9000,Trống tên Lô,"Ngày=10/02/2026, Lô=, CV/VT="
9001,Trống tên Lô,"Ngày=10/02/2026, Lô=, CV/VT="
9002,Trống tên Lô,"Ngày=10/02/2026, Lô=, CV/VT="
9003,Trống tên Lô,"Ngày=10/02/2026, Lô=, CV/VT="
9004,Trống tên Lô,"Ngày=11/02/2026, Lô=, CV/VT="
9005,Trống tên Lô,"Ngày=11/02/2026, Lô=, CV/VT="
9006,Trống tên Lô,"Ngày=11/02/2026, Lô=, CV/VT="
9007,Trống tên Lô,"Ngày=11/02/2026, Lô=, CV/VT="
9008,Trống tên Lô,"Ngày=11/02/2026, Lô=, CV/VT="
9009,Trống tên Lô,"Ngày=11/02/2026, Lô=, CV/VT="
9010,Trống tên Lô,"Ngày=11/02/2026, Lô=, CV/VT="
9011,Trống tên Lô,"Ngày=11/02/2026, Lô=, CV/VT="
9012,Trống tên Lô,"Ngày=11/02/2026, Lô=, CV/VT="
9013,Trống tên Lô,"Ngày=12/02/2026, Lô=, CV/VT="
9014,Trống tên Lô,"Ngày=12/02/2026, Lô=, CV/VT="
9015,Trống tên Lô,"Ngày=12/02/2026, Lô=, CV/VT="
9016,Trống tên Lô,"Ngày=12/02/2026, Lô=, CV/VT="
9017,Trống tên Lô,"Ngày=12/02/2026, Lô=, CV/VT="
9018,Trống tên Lô,"Ngày=12/02/2026, Lô=, CV/VT="
9019,Trống tên Lô,"Ngày=12/02/2026, Lô=, CV/VT="
9020,Trống tên Lô,"Ngày=12/02/2026, Lô=, CV/VT="
9021,Trống tên Lô,"Ngày=12/02/2026, Lô=, CV/VT="
9022,Trống tên Lô,"Ngày=12/02/2026, Lô=, CV/VT="
9023,Trống tên Lô,"Ngày=12/02/2026, Lô=, CV/VT="
9024,Trống tên Lô,"Ngày=12/02/2026, Lô=, CV/VT="
9025,Trống tên Lô,"Ngày=12/02/2026, Lô=, CV/VT="
9026,Trống tên Lô,"Ngày=12/02/2026, Lô=, CV/VT="
9027,Trống tên Lô,"Ngày=12/02/2026, Lô=, CV/VT="
9028,Trống tên Lô,"Ngày=12/02/2026, Lô=, CV/VT="
9029,Trống tên Lô,"Ngày=12/02/2026, Lô=, CV/VT="
9030,Trống tên Lô,"Ngày=13/02/2026, Lô=, CV/VT="
9031,Trống tên Lô,"Ngày=13/02/2026, Lô=, CV/VT="
9032,Trống tên Lô,"Ngày=13/02/2026, Lô=, CV/VT="
9033,Trống tên Lô,"Ngày=13/02/2026, Lô=, CV/VT="
9034,Trống tên Lô,"Ngày=13/02/2026, Lô=, CV/VT="
9035,Trống tên Lô,"Ngày=13/02/2026, Lô=, CV/VT="
9036,Trống tên Lô,"Ngày=13/02/2026, Lô=, CV/VT="
9037,Trống tên Lô,"Ngày=13/02/2026, Lô=, CV/VT="
9038,Trống tên Lô,"Ngày=13/02/2026, Lô=, CV/VT="
9039,Trống tên Lô,"Ngày=13/02/2026, Lô=, CV/VT="
9040,Trống tên Lô,"Ngày=13/02/2026, Lô=, CV/VT="
9041,Trống tên Lô,"Ngày=13/02/2026, Lô=, CV/VT="
9042,Trống tên Lô,"Ngày=13/02/2026, Lô=, CV/VT="
9043,Trống tên Lô,"Ngày=13/02/2026, Lô=, CV/VT="
9044,Trống tên Lô,"Ngày=14/02/2026, Lô=, CV/VT="
9045,Trống tên Lô,"Ngày=14/02/2026, Lô=, CV/VT="
9046,Trống tên Lô,"Ngày=14/02/2026, Lô=, CV/VT="
9047,Trống tên Lô,"Ngày=14/02/2026, Lô=, CV/VT="
9048,Trống tên Lô,"Ngày=23/02/2026, Lô=, CV/VT="
9049,Trống tên Lô,"Ngày=23/02/2026, Lô=, CV/VT="
9050,Trống tên Lô,"Ngày=23/02/2026, Lô=, CV/VT="
9051,Trống tên Lô,"Ngày=23/02/2026, Lô=, CV/VT="
9052,Trống tên Lô,"Ngày=23/02/2026, Lô=, CV/VT="
9053,Trống tên Lô,"Ngày=23/02/2026, Lô=, CV/VT="
9054,Trống tên Lô,"Ngày=23/02/2026, Lô=, CV/VT="
9055,Trống tên Lô,"Ngày=23/02/2026, Lô=, CV/VT="
9056,Trống tên Lô,"Ngày=24/02/2026, Lô=, CV/VT="
9057,Trống tên Lô,"Ngày=24/02/2026, Lô=, CV/VT="
9058,Trống tên Lô,"Ngày=24/02/2026, Lô=, CV/VT="
9059,Trống tên Lô,"Ngày=24/02/2026, Lô=, CV/VT="
9060,Trống tên Lô,"Ngày=24/02/2026, Lô=, CV/VT="
9061,Trống tên Lô,"Ngày=24/02/2026, Lô=, CV/VT="
9062,Trống tên Lô,"Ngày=24/02/2026, Lô=, CV/VT="
9063,Trống tên Lô,"Ngày=24/02/2026, Lô=, CV/VT="
9064,Trống tên Lô,"Ngày=24/02/2026, Lô=, CV/VT="
9065,Trống tên Lô,"Ngày=24/02/2026, Lô=, CV/VT="
9066,Trống tên Lô,"Ngày=25/02/2026, Lô=, CV/VT="
9067,Trống tên Lô,"Ngày=25/02/2026, Lô=, CV/VT="
9068,Trống tên Lô,"Ngày=25/02/2026, Lô=, CV/VT="
9069,Trống tên Lô,"Ngày=25/02/2026, Lô=, CV/VT="
9070,Trống tên Lô,"Ngày=25/02/2026, Lô=, CV/VT="
9071,Trống tên Lô,"Ngày=25/02/2026, Lô=, CV/VT="
9072,Trống tên Lô,"Ngày=25/02/2026, Lô=, CV/VT="
9073,Trống tên Lô,"Ngày=25/02/2026, Lô=, CV/VT="
9074,Trống tên Lô,"Ngày=25/02/2026, Lô=, CV/VT="
9075,Trống tên Lô,"Ngày=25/02/2026, Lô=, CV/VT="
9076,Trống tên Lô,"Ngày=25/02/2026, Lô=, CV/VT="
9077,Trống tên Lô,"Ngày=25/02/2026, Lô=, CV/VT="
9078,Trống tên Lô,"Ngày=26/02/2026, Lô=, CV/VT="
9079,Trống tên Lô,"Ngày=26/02/2026, Lô=, CV/VT="
9080,Trống tên Lô,"Ngày=26/02/2026, Lô=, CV/VT="
9081,Trống tên Lô,"Ngày=26/02/2026, Lô=, CV/VT="
9082,Trống tên Lô,"Ngày=26/02/2026, Lô=, CV/VT="
9083,Trống tên Lô,"Ngày=26/02/2026, Lô=, CV/VT="
9084,Trống tên Lô,"Ngày=26/02/2026, Lô=, CV/VT="
9085,Trống tên Lô,"Ngày=26/02/2026, Lô=, CV/VT="
9086,Trống tên Lô,"Ngày=26/02/2026, Lô=, CV/VT="
9087,Trống tên Lô,"Ngày=27/02/2026, Lô=, CV/VT="
9088,Trống tên Lô,"Ngày=27/02/2026, Lô=, CV/VT="
9089,Trống tên Lô,"Ngày=27/02/2026, Lô=, CV/VT="
9090,Trống tên Lô,"Ngày=27/02/2026, Lô=, CV/VT="
9091,Trống tên Lô,"Ngày=27/02/2026, Lô=, CV/VT="
9092,Trống tên Lô,"Ngày=27/02/2026, Lô=, CV/VT="
9093,Trống tên Lô,"Ngày=28/02/2026, Lô=, CV/VT="
9094,Trống tên Lô,"Ngày=28/02/2026, Lô=, CV/VT="
9095,Trống tên Lô,"Ngày=28/02/2026, Lô=, CV/VT="
9096,Trống tên Lô,"Ngày=28/02/2026, Lô=, CV/VT="
9097,Trống tên Lô,"Ngày=28/02/2026, Lô=, CV/VT="
9098,Trống tên Lô,"Ngày=28/02/2026, Lô=, CV/VT="
9099,Trống tên Lô,"Ngày=28/02/2026, Lô=, CV/VT="
9100,Trống tên Lô,"Ngày=28/02/2026, Lô=, CV/VT="
9101,Trống tên Lô,"Ngày=28/02/2026, Lô=, CV/VT="
9102,Trống tên Lô,"Ngày=28/02/2026, Lô=, CV/VT="
9103,Trống tên Lô,"Ngày=28/02/2026, Lô=, CV/VT="
9104,Trống tên Lô,"Ngày=28/02/2026, Lô=, CV/VT="
9105,Trống tên Lô,"Ngày=28/02/2026, Lô=, CV/VT="
9106,Trống tên Lô,"Ngày=28/02/2026, Lô=, CV/VT="
9107,Trống tên Lô,"Ngày=28/02/2026, Lô=, CV/VT="
9108,Trống tên Lô,"Ngày=28/02/2026, Lô=, CV/VT="
9109,Trống tên Lô,"Ngày=28/02/2026, Lô=, CV/VT="
9110,Trống tên Lô,"Ngày=28/02/2026, Lô=, CV/VT="
9111,Trống tên Lô,"Ngày=28/02/2026, Lô=, CV/VT="
9112,Trống tên Lô,"Ngày=01/03/2026, Lô=, CV/VT="
9113,Trống tên Lô,"Ngày=01/03/2026, Lô=, CV/VT="
9114,Trống tên Lô,"Ngày=01/03/2026, Lô=, CV/VT="
9115,Trống tên Lô,"Ngày=01/03/2026, Lô=, CV/VT="
9116,Trống tên Lô,"Ngày=01/03/2026, Lô=, CV/VT="
9117,Trống tên Lô,"Ngày=02/03/2026, Lô=, CV/VT="
9118,Trống tên Lô,"Ngày=02/03/2026, Lô=, CV/VT="
9119,Trống tên Lô,"Ngày=02/03/2026, Lô=, CV/VT="
9120,Trống tên Lô,"Ngày=02/03/2026, Lô=, CV/VT="
9121,Trống tên Lô,"Ngày=02/03/2026, Lô=, CV/VT="
9122,Trống tên Lô,"Ngày=02/03/2026, Lô=, CV/VT="
9123,Trống tên Lô,"Ngày=02/03/2026, Lô=, CV/VT="
9124,Trống tên Lô,"Ngày=02/03/2026, Lô=, CV/VT="
9125,Trống tên Lô,"Ngày=02/03/2026, Lô=, CV/VT="
9126,Trống tên Lô,"Ngày=02/03/2026, Lô=, CV/VT="
9127,Trống tên Lô,"Ngày=02/03/2026, Lô=, CV/VT="
9128,Trống tên Lô,"Ngày=03/03/2026, Lô=, CV/VT="
9129,Trống tên Lô,"Ngày=03/03/2026, Lô=, CV/VT="
9130,Trống tên Lô,"Ngày=03/03/2026, Lô=, CV/VT="
9131,Trống tên Lô,"Ngày=03/03/2026, Lô=, CV/VT="
9132,Trống tên Lô,"Ngày=03/03/2026, Lô=, CV/VT="
9133,Trống tên Lô,"Ngày=03/03/2026, Lô=, CV/VT="
9134,Trống tên Lô,"Ngày=03/03/2026, Lô=, CV/VT="
9135,Trống tên Lô,"Ngày=03/03/2026, Lô=, CV/VT="
9136,Trống tên Lô,"Ngày=03/03/2026, Lô=, CV/VT="
9137,Trống tên Lô,"Ngày=03/03/2026, Lô=, CV/VT="
9138,Trống tên Lô,"Ngày=03/03/2026, Lô=, CV/VT="
9139,Trống tên Lô,"Ngày=03/03/2026, Lô=, CV/VT="
9140,Trống tên Lô,"Ngày=04/03/2026, Lô=, CV/VT="
9141,Trống tên Lô,"Ngày=04/03/2026, Lô=, CV/VT="
9142,Trống tên Lô,"Ngày=04/03/2026, Lô=, CV/VT="
9143,Trống tên Lô,"Ngày=04/03/2026, Lô=, CV/VT="
9144,Trống tên Lô,"Ngày=04/03/2026, Lô=, CV/VT="
9145,Trống tên Lô,"Ngày=04/03/2026, Lô=, CV/VT="
9146,Trống tên Lô,"Ngày=04/03/2026, Lô=, CV/VT="
9147,Trống tên Lô,"Ngày=04/03/2026, Lô=, CV/VT="
9148,Trống tên Lô,"Ngày=04/03/2026, Lô=, CV/VT="
9149,Trống tên Lô,"Ngày=04/03/2026, Lô=, CV/VT="
9150,Trống tên Lô,"Ngày=04/03/2026, Lô=, CV/VT="
9151,Trống tên Lô,"Ngày=04/03/2026, Lô=, CV/VT="
9152,Trống tên Lô,"Ngày=05/03/2026, Lô=, CV/VT="
9153,Trống tên Lô,"Ngày=05/03/2026, Lô=, CV/VT="
9154,Trống tên Lô,"Ngày=05/03/2026, Lô=, CV/VT="
9155,Trống tên Lô,"Ngày=05/03/2026, Lô=, CV/VT="
9156,Trống tên Lô,"Ngày=05/03/2026, Lô=, CV/VT="
9157,Trống tên Lô,"Ngày=05/03/2026, Lô=, CV/VT="
9158,Trống tên Lô,"Ngày=05/03/2026, Lô=, CV/VT="
9159,Trống tên Lô,"Ngày=05/03/2026, Lô=, CV/VT="
9160,Trống tên Lô,"Ngày=05/03/2026, Lô=, CV/VT="
9161,Trống tên Lô,"Ngày=05/03/2026, Lô=, CV/VT="
9162,Trống tên Lô,"Ngày=05/03/2026, Lô=, CV/VT="
9163,Trống tên Lô,"Ngày=05/03/2026, Lô=, CV/VT="
9164,Trống tên Lô,"Ngày=05/03/2026, Lô=, CV/VT="
9165,Trống tên Lô,"Ngày=06/03/2026, Lô=, CV/VT="
9166,Trống tên Lô,"Ngày=06/03/2026, Lô=, CV/VT="
9167,Trống tên Lô,"Ngày=06/03/2026, Lô=, CV/VT="
9168,Trống tên Lô,"Ngày=06/03/2026, Lô=, CV/VT="
9169,Trống tên Lô,"Ngày=06/03/2026, Lô=, CV/VT="
9170,Trống tên Lô,"Ngày=06/03/2026, Lô=, CV/VT="
9171,Trống tên Lô,"Ngày=06/03/2026, Lô=, CV/VT="
9172,Trống tên Lô,"Ngày=07/03/2026, Lô=, CV/VT="
9173,Trống tên Lô,"Ngày=07/03/2026, Lô=, CV/VT="
9174,Trống tên Lô,"Ngày=07/03/2026, Lô=, CV/VT="
9175,Trống tên Lô,"Ngày=07/03/2026, Lô=, CV/VT="
9176,Trống tên Lô,"Ngày=07/03/2026, Lô=, CV/VT="
9177,Trống tên Lô,"Ngày=07/03/2026, Lô=, CV/VT="
9178,Trống tên Lô,"Ngày=07/03/2026, Lô=, CV/VT="
9179,Trống tên Lô,"Ngày=07/03/2026, Lô=, CV/VT="
9180,Trống tên Lô,"Ngày=07/03/2026, Lô=, CV/VT="
9181,Trống tên Lô,"Ngày=07/03/2026, Lô=, CV/VT="
9182,Trống tên Lô,"Ngày=07/03/2026, Lô=, CV/VT="
9183,Trống tên Lô,"Ngày=07/03/2026, Lô=, CV/VT="
9184,Trống tên Lô,"Ngày=07/03/2026, Lô=, CV/VT="
9185,Trống tên Lô,"Ngày=08/03/2026, Lô=, CV/VT="
9186,Trống tên Lô,"Ngày=08/03/2026, Lô=, CV/VT="
9187,Trống tên Lô,"Ngày=08/03/2026, Lô=, CV/VT="
9188,Trống tên Lô,"Ngày=08/03/2026, Lô=, CV/VT="
9189,Trống tên Lô,"Ngày=08/03/2026, Lô=, CV/VT="
9190,Trống tên Lô,"Ngày=09/03/2026, Lô=, CV/VT="
9191,Trống tên Lô,"Ngày=09/03/2026, Lô=, CV/VT="
9192,Trống tên Lô,"Ngày=09/03/2026, Lô=, CV/VT="
9193,Trống tên Lô,"Ngày=09/03/2026, Lô=, CV/VT="
9194,Trống tên Lô,"Ngày=09/03/2026, Lô=, CV/VT="
9195,Trống tên Lô,"Ngày=09/03/2026, Lô=, CV/VT="
9196,Trống tên Lô,"Ngày=09/03/2026, Lô=, CV/VT="
9197,Trống tên Lô,"Ngày=09/03/2026, Lô=, CV/VT="
9198,Trống tên Lô,"Ngày=09/03/2026, Lô=, CV/VT="
9199,Trống tên Lô,"Ngày=09/03/2026, Lô=, CV/VT="
9200,Trống tên Lô,"Ngày=09/03/2026, Lô=, CV/VT="
9201,Trống tên Lô,"Ngày=10/03/2026, Lô=, CV/VT="
9202,Trống tên Lô,"Ngày=10/03/2026, Lô=, CV/VT="
9203,Trống tên Lô,"Ngày=10/03/2026, Lô=, CV/VT="
9204,Trống tên Lô,"Ngày=10/03/2026, Lô=, CV/VT="
9205,Trống tên Lô,"Ngày=10/03/2026, Lô=, CV/VT="
9206,Trống tên Lô,"Ngày=10/03/2026, Lô=, CV/VT="
9207,Trống tên Lô,"Ngày=10/03/2026, Lô=, CV/VT="
9208,Trống tên Lô,"Ngày=10/03/2026, Lô=, CV/VT="
9209,Trống tên Lô,"Ngày=10/03/2026, Lô=, CV/VT="
9210,Trống tên Lô,"Ngày=10/03/2026, Lô=, CV/VT="
9211,Trống tên Lô,"Ngày=11/03/2026, Lô=, CV/VT="
9212,Trống tên Lô,"Ngày=11/03/2026, Lô=, CV/VT="
9213,Trống tên Lô,"Ngày=11/03/2026, Lô=, CV/VT="
9214,Trống tên Lô,"Ngày=11/03/2026, Lô=, CV/VT="
9215,Trống tên Lô,"Ngày=11/03/2026, Lô=, CV/VT="
9216,Trống tên Lô,"Ngày=11/03/2026, Lô=, CV/VT="
9217,Trống tên Lô,"Ngày=11/03/2026, Lô=, CV/VT="
9218,Trống tên Lô,"Ngày=11/03/2026, Lô=, CV/VT="
9219,Trống tên Lô,"Ngày=12/03/2026, Lô=, CV/VT="
9220,Trống tên Lô,"Ngày=12/03/2026, Lô=, CV/VT="
9221,Trống tên Lô,"Ngày=12/03/2026, Lô=, CV/VT="
9222,Trống tên Lô,"Ngày=12/03/2026, Lô=, CV/VT="
9223,Trống tên Lô,"Ngày=12/03/2026, Lô=, CV/VT="
9224,Trống tên Lô,"Ngày=12/03/2026, Lô=, CV/VT="
9225,Trống tên Lô,"Ngày=12/03/2026, Lô=, CV/VT="
9226,Trống tên Lô,"Ngày=12/03/2026, Lô=, CV/VT="
9227,Trống tên Lô,"Ngày=12/03/2026, Lô=, CV/VT="
9228,Trống tên Lô,"Ngày=12/03/2026, Lô=, CV/VT="
9229,Trống tên Lô,"Ngày=12/03/2026, Lô=, CV/VT="
9230,Trống tên Lô,"Ngày=12/03/2026, Lô=, CV/VT="
9231,Trống tên Lô,"Ngày=12/03/2026, Lô=, CV/VT="
9232,Trống tên Lô,"Ngày=12/03/2026, Lô=, CV/VT="
9233,Trống tên Lô,"Ngày=12/03/2026, Lô=, CV/VT="
9234,Trống tên Lô,"Ngày=13/03/2026, Lô=, CV/VT="
9235,Trống tên Lô,"Ngày=13/03/2026, Lô=, CV/VT="
9236,Trống tên Lô,"Ngày=13/03/2026, Lô=, CV/VT="
9237,Trống tên Lô,"Ngày=13/03/2026, Lô=, CV/VT="
9238,Trống tên Lô,"Ngày=13/03/2026, Lô=, CV/VT="
9239,Trống tên Lô,"Ngày=13/03/2026, Lô=, CV/VT="
9240,Trống tên Lô,"Ngày=13/03/2026, Lô=, CV/VT="
9241,Trống tên Lô,"Ngày=13/03/2026, Lô=, CV/VT="
9242,Trống tên Lô,"Ngày=13/03/2026, Lô=, CV/VT="
9243,Trống tên Lô,"Ngày=13/03/2026, Lô=, CV/VT="
9244,Trống tên Lô,"Ngày=13/03/2026, Lô=, CV/VT="
9245,Trống tên Lô,"Ngày=13/03/2026, Lô=, CV/VT="
9246,Trống tên Lô,"Ngày=13/03/2026, Lô=, CV/VT="
9247,Trống tên Lô,"Ngày=14/03/2026, Lô=, CV/VT="
9248,Trống tên Lô,"Ngày=14/03/2026, Lô=, CV/VT="
9249,Trống tên Lô,"Ngày=14/03/2026, Lô=, CV/VT="
9250,Trống tên Lô,"Ngày=14/03/2026, Lô=, CV/VT="
9251,Trống tên Lô,"Ngày=14/03/2026, Lô=, CV/VT="
9252,Trống tên Lô,"Ngày=14/03/2026, Lô=, CV/VT="
9253,Trống tên Lô,"Ngày=14/03/2026, Lô=, CV/VT="
9254,Trống tên Lô,"Ngày=14/03/2026, Lô=, CV/VT="
9255,Trống tên Lô,"Ngày=15/03/2026, Lô=, CV/VT="
9256,Trống tên Lô,"Ngày=15/03/2026, Lô=, CV/VT="
9257,Trống tên Lô,"Ngày=16/03/2026, Lô=, CV/VT="
9258,Trống tên Lô,"Ngày=16/03/2026, Lô=, CV/VT="
9259,Trống tên Lô,"Ngày=16/03/2026, Lô=, CV/VT="
9260,Trống tên Lô,"Ngày=16/03/2026, Lô=, CV/VT="
9261,Trống tên Lô,"Ngày=16/03/2026, Lô=, CV/VT="
9262,Trống tên Lô,"Ngày=16/03/2026, Lô=, CV/VT="
9263,Trống tên Lô,"Ngày=16/03/2026, Lô=, CV/VT="
9264,Trống tên Lô,"Ngày=16/03/2026, Lô=, CV/VT="
9265,Trống tên Lô,"Ngày=16/03/2026, Lô=, CV/VT="
9266,Trống tên Lô,"Ngày=16/03/2026, Lô=, CV/VT="
9267,Trống tên Lô,"Ngày=17/03/2026, Lô=, CV/VT="
9268,Trống tên Lô,"Ngày=17/03/2026, Lô=, CV/VT="
9269,Trống tên Lô,"Ngày=17/03/2026, Lô=, CV/VT="
9270,Trống tên Lô,"Ngày=17/03/2026, Lô=, CV/VT="
9271,Trống tên Lô,"Ngày=17/03/2026, Lô=, CV/VT="
9272,Trống tên Lô,"Ngày=17/03/2026, Lô=, CV/VT="
9273,Trống tên Lô,"Ngày=17/03/2026, Lô=, CV/VT="
9274,Trống tên Lô,"Ngày=17/03/2026, Lô=, CV/VT="
9275,Trống tên Lô,"Ngày=17/03/2026, Lô=, CV/VT="
9276,Trống tên Lô,"Ngày=17/03/2026, Lô=, CV/VT="
9277,Trống tên Lô,"Ngày=17/03/2026, Lô=, CV/VT="
9278,Trống tên Lô,"Ngày=17/03/2026, Lô=, CV/VT="
9279,Trống tên Lô,"Ngày=17/03/2026, Lô=, CV/VT="
9280,Trống tên Lô,"Ngày=23/01/2026, Lô=, CV/VT="
9281,Trống tên Lô,"Ngày=23/01/2026, Lô=, CV/VT="
9282,Trống tên Lô,"Ngày=23/01/2026, Lô=, CV/VT="
9283,Trống tên Lô,"Ngày=23/01/2026, Lô=, CV/VT="
9284,Trống tên Lô,"Ngày=23/01/2026, Lô=, CV/VT="
9285,Trống tên Lô,"Ngày=23/01/2026, Lô=, CV/VT="
9286,Trống tên Lô,"Ngày=01/02/2026, Lô=, CV/VT="
9287,Trống tên Lô,"Ngày=01/02/2026, Lô=, CV/VT="
9288,Trống tên Lô,"Ngày=01/02/2026, Lô=, CV/VT="
9289,Trống tên Lô,"Ngày=02/02/2026, Lô=, CV/VT="
9290,Trống tên Lô,"Ngày=02/02/2026, Lô=, CV/VT="
9291,Trống tên Lô,"Ngày=02/02/2026, Lô=, CV/VT="
9292,Trống tên Lô,"Ngày=02/02/2026, Lô=, CV/VT="
9293,Trống tên Lô,"Ngày=02/02/2026, Lô=, CV/VT="
9294,Trống tên Lô,"Ngày=02/02/2026, Lô=, CV/VT="
9295,Trống tên Lô,"Ngày=03/02/2026, Lô=, CV/VT="
9296,Trống tên Lô,"Ngày=03/02/2026, Lô=, CV/VT="
9297,Trống tên Lô,"Ngày=03/02/2026, Lô=, CV/VT="
9298,Trống tên Lô,"Ngày=03/02/2026, Lô=, CV/VT="
9299,Trống tên Lô,"Ngày=04/02/2026, Lô=, CV/VT="
9300,Trống tên Lô,"Ngày=01/03/2026, Lô=, CV/VT="
9301,Trống tên Lô,"Ngày=01/03/2026, Lô=, CV/VT="
9302,Trống tên Lô,"Ngày=02/03/2026, Lô=, CV/VT="
9303,Trống tên Lô,"Ngày=02/03/2026, Lô=, CV/VT="
9304,Trống tên Lô,"Ngày=02/03/2026, Lô=, CV/VT="
9305,Trống tên Lô,"Ngày=02/03/2026, Lô=, CV/VT="
9306,Trống tên Lô,"Ngày=02/03/2026, Lô=, CV/VT="
9307,Trống tên Lô,"Ngày=02/03/2026, Lô=, CV/VT="
9308,Trống tên Lô,"Ngày=03/03/2026, Lô=, CV/VT="
9309,Trống tên Lô,"Ngày=03/03/2026, Lô=, CV/VT="
9310,Trống tên Lô,"Ngày=03/03/2026, Lô=, CV/VT="
9311,Trống tên Lô,"Ngày=03/03/2026, Lô=, CV/VT="
9312,Trống tên Lô,"Ngày=03/03/2026, Lô=, CV/VT="
9313,Trống tên Lô,"Ngày=03/03/2026, Lô=, CV/VT="
9314,Trống tên Lô,"Ngày=03/03/2026, Lô=, CV/VT="
9315,Trống tên Lô,"Ngày=03/03/2026, Lô=, CV/VT="
9316,Trống tên Lô,"Ngày=03/03/2026, Lô=, CV/VT="
9317,Trống tên Lô,"Ngày=05/03/2026, Lô=, CV/VT="
9318,Trống tên Lô,"Ngày=04/03/2026, Lô=, CV/VT="
9319,Trống tên Lô,"Ngày=04/03/2026, Lô=, CV/VT="
9320,Trống tên Lô,"Ngày=04/03/2026, Lô=, CV/VT="
9321,Trống tên Lô,"Ngày=05/03/2026, Lô=, CV/VT="
9322,Trống tên Lô,"Ngày=05/03/2026, Lô=, CV/VT="
9323,Trống tên Lô,"Ngày=05/03/2026, Lô=, CV/VT="
9324,Trống tên Lô,"Ngày=05/03/2026, Lô=, CV/VT="
9325,Trống tên Lô,"Ngày=05/03/2026, Lô=, CV/VT="
9326,Trống tên Lô,"Ngày=05/03/2026, Lô=, CV/VT="
9327,Trống tên Lô,"Ngày=06/03/2026, Lô=, CV/VT="
9328,Trống tên Lô,"Ngày=06/03/2026, Lô=, CV/VT="
9329,Trống tên Lô,"Ngày=06/03/2026, Lô=, CV/VT="
9330,Trống tên Lô,"Ngày=06/03/2026, Lô=, CV/VT="
9331,Trống tên Lô,"Ngày=06/03/2026, Lô=, CV/VT="
9332,Trống tên Lô,"Ngày=06/03/2026, Lô=, CV/VT="
9333,Trống tên Lô,"Ngày=07/03/2026, Lô=, CV/VT="
9334,Trống tên Lô,"Ngày=07/03/2026, Lô=, CV/VT="
9335,Trống tên Lô,"Ngày=07/03/2026, Lô=, CV/VT="
9336,Trống tên Lô,"Ngày=07/03/2026, Lô=, CV/VT="
9337,Trống tên Lô,"Ngày=08/03/2026, Lô=, CV/VT="
9338,Trống tên Lô,"Ngày=09/03/2026, Lô=, CV/VT="
9339,Trống tên Lô,"Ngày=09/03/2026, Lô=, CV/VT="
9340,Trống tên Lô,"Ngày=09/03/2026, Lô=, CV/VT="
9341,Trống tên Lô,"Ngày=09/03/2026, Lô=, CV/VT="
9342,Trống tên Lô,"Ngày=09/03/2026, Lô=, CV/VT="
9343,Trống tên Lô,"Ngày=10/03/2026, Lô=, CV/VT="
9344,Trống tên Lô,"Ngày=10/03/2026, Lô=, CV/VT="
9345,Trống tên Lô,"Ngày=10/03/2026, Lô=, CV/VT="
9346,Trống tên Lô,"Ngày=10/03/2026, Lô=, CV/VT="
9347,Trống tên Lô,"Ngày=10/03/2026, Lô=, CV/VT="
9348,Trống tên Lô,"Ngày=11/03/2026, Lô=, CV/VT="
9349,Trống tên Lô,"Ngày=11/03/2026, Lô=, CV/VT="
9350,Trống tên Lô,"Ngày=11/03/2026, Lô=, CV/VT="
9351,Trống tên Lô,"Ngày=11/03/2026, Lô=, CV/VT="
9352,Trống tên Lô,"Ngày=11/03/2026, Lô=, CV/VT="
9353,Trống tên Lô,"Ngày=11/03/2026, Lô=, CV/VT="
9354,Trống tên Lô,"Ngày=11/03/2026, Lô=, CV/VT="
9355,Trống tên Lô,"Ngày=11/03/2026, Lô=, CV/VT="
9356,Trống tên Lô,"Ngày=12/03/2026, Lô=, CV/VT="
9357,Trống tên Lô,"Ngày=12/03/2026, Lô=, CV/VT="
9358,Trống tên Lô,"Ngày=12/03/2026, Lô=, CV/VT="
9359,Trống tên Lô,"Ngày=12/03/2026, Lô=, CV/VT="
9360,Trống tên Lô,"Ngày=12/03/2026, Lô=, CV/VT="
9361,Trống tên Lô,"Ngày=12/03/2026, Lô=, CV/VT="
9362,Trống tên Lô,"Ngày=24/01/2026, Lô=, CV/VT="
9363,Trống tên Lô,"Ngày=24/01/2026, Lô=, CV/VT="
9364,Trống tên Lô,"Ngày=24/01/2026, Lô=, CV/VT="
9365,Trống tên Lô,"Ngày=24/01/2026, Lô=, CV/VT="
9366,Trống tên Lô,"Ngày=24/01/2026, Lô=, CV/VT="
9367,Trống tên Lô,"Ngày=24/01/2026, Lô=, CV/VT="
9368,Trống tên Lô,"Ngày=24/01/2026, Lô=, CV/VT="
9369,Trống tên Lô,"Ngày=24/01/2026, Lô=, CV/VT="
9370,Trống tên Lô,"Ngày=24/01/2026, Lô=, CV/VT="
9371,Trống tên Lô,"Ngày=24/01/2026, Lô=, CV/VT="
9372,Trống tên Lô,"Ngày=24/01/2026, Lô=, CV/VT="
9373,Trống tên Lô,"Ngày=24/01/2026, Lô=, CV/VT="
9374,Trống tên Lô,"Ngày=24/01/2026, Lô=, CV/VT="
9375,Trống tên Lô,"Ngày=24/01/2026, Lô=, CV/VT="
9376,Trống tên Lô,"Ngày=24/01/2026, Lô=, CV/VT="
9377,Trống tên Lô,"Ngày=24/01/2026, Lô=, CV/VT="
9378,Trống tên Lô,"Ngày=25/01/2026, Lô=, CV/VT="
9379,Trống tên Lô,"Ngày=25/01/2026, Lô=, CV/VT="
9380,Trống tên Lô,"Ngày=25/01/2026, Lô=, CV/VT="
9381,Trống tên Lô,"Ngày=25/01/2026, Lô=, CV/VT="
9382,Trống tên Lô,"Ngày=25/01/2026, Lô=, CV/VT="
9383,Trống tên Lô,"Ngày=25/01/2026, Lô=, CV/VT="
9384,Trống tên Lô,"Ngày=26/01/2026, Lô=, CV/VT="
9385,Trống tên Lô,"Ngày=26/01/2026, Lô=, CV/VT="
9386,Trống tên Lô,"Ngày=26/01/2026, Lô=, CV/VT="
9387,Trống tên Lô,"Ngày=26/01/2026, Lô=, CV/VT="
9388,Trống tên Lô,"Ngày=26/01/2026, Lô=, CV/VT="
9389,Trống tên Lô,"Ngày=26/01/2026, Lô=, CV/VT="
9390,Trống tên Lô,"Ngày=26/01/2026, Lô=, CV/VT="
9391,Trống tên Lô,"Ngày=26/01/2026, Lô=, CV/VT="
9392,Trống tên Lô,"Ngày=26/01/2026, Lô=, CV/VT="
9393,Trống tên Lô,"Ngày=26/01/2026, Lô=, CV/VT="
9394,Trống tên Lô,"Ngày=26/01/2026, Lô=, CV/VT="
9395,Trống tên Lô,"Ngày=27/01/2026, Lô=, CV/VT="
9396,Trống tên Lô,"Ngày=27/01/2026, Lô=, CV/VT="
9397,Trống tên Lô,"Ngày=27/01/2026, Lô=, CV/VT="
9398,Trống tên Lô,"Ngày=27/01/2026, Lô=, CV/VT="
9399,Trống tên Lô,"Ngày=27/01/2026, Lô=, CV/VT="
9400,Trống tên Lô,"Ngày=27/01/2026, Lô=, CV/VT="
9401,Trống tên Lô,"Ngày=27/01/2026, Lô=, CV/VT="
9402,Trống tên Lô,"Ngày=27/01/2026, Lô=, CV/VT="
9403,Trống tên Lô,"Ngày=27/01/2026, Lô=, CV/VT="
9404,Trống tên Lô,"Ngày=27/01/2026, Lô=, CV/VT="
9405,Trống tên Lô,"Ngày=28/01/2026, Lô=, CV/VT="
9406,Trống tên Lô,"Ngày=28/01/2026, Lô=, CV/VT="
9407,Trống tên Lô,"Ngày=28/01/2026, Lô=, CV/VT="
9408,Trống tên Lô,"Ngày=28/01/2026, Lô=, CV/VT="
9409,Trống tên Lô,"Ngày=28/01/2026, Lô=, CV/VT="
9410,Trống tên Lô,"Ngày=28/01/2026, Lô=, CV/VT="
9411,Trống tên Lô,"Ngày=28/01/2026, Lô=, CV/VT="
9412,Trống tên Lô,"Ngày=28/01/2026, Lô=, CV/VT="
9413,Trống tên Lô,"Ngày=28/01/2026, Lô=, CV/VT="
9414,Trống tên Lô,"Ngày=28/01/2026, Lô=, CV/VT="
9415,Trống tên Lô,"Ngày=28/01/2026, Lô=, CV/VT="
9416,Trống tên Lô,"Ngày=28/01/2026, Lô=, CV/VT="
9417,Trống tên Lô,"Ngày=28/01/2026, Lô=, CV/VT="
9418,Trống tên Lô,"Ngày=28/01/2026, Lô=, CV/VT="
9419,Trống tên Lô,"Ngày=28/01/2026, Lô=, CV/VT="
9420,Trống tên Lô,"Ngày=28/01/2026, Lô=, CV/VT="
9421,Trống tên Lô,"Ngày=28/01/2026, Lô=, CV/VT="
9422,Trống tên Lô,"Ngày=29/01/2026, Lô=, CV/VT="
9423,Trống tên Lô,"Ngày=29/01/2026, Lô=, CV/VT="
9424,Trống tên Lô,"Ngày=29/01/2026, Lô=, CV/VT="
9425,Trống tên Lô,"Ngày=29/01/2026, Lô=, CV/VT="
9426,Trống tên Lô,"Ngày=29/01/2026, Lô=, CV/VT="
9427,Trống tên Lô,"Ngày=29/01/2026, Lô=, CV/VT="
9428,Trống tên Lô,"Ngày=29/01/2026, Lô=, CV/VT="
9429,Trống tên Lô,"Ngày=29/01/2026, Lô=, CV/VT="
9430,Trống tên Lô,"Ngày=29/01/2026, Lô=, CV/VT="
9431,Trống tên Lô,"Ngày=30/01/2026, Lô=, CV/VT="
9432,Trống tên Lô,"Ngày=30/01/2026, Lô=, CV/VT="
9433,Trống tên Lô,"Ngày=30/01/2026, Lô=, CV/VT="
9434,Trống tên Lô,"Ngày=30/01/2026, Lô=, CV/VT="
9435,Trống tên Lô,"Ngày=30/01/2026, Lô=, CV/VT="
9436,Trống tên Lô,"Ngày=30/01/2026, Lô=, CV/VT="
9437,Trống tên Lô,"Ngày=30/01/2026, Lô=, CV/VT="
9438,Trống tên Lô,"Ngày=30/01/2026, Lô=, CV/VT="
9439,Trống tên Lô,"Ngày=30/01/2026, Lô=, CV/VT="
9440,Trống tên Lô,"Ngày=30/01/2026, Lô=, CV/VT="
9441,Trống tên Lô,"Ngày=30/01/2026, Lô=, CV/VT="
9442,Trống tên Lô,"Ngày=31/01/2026, Lô=, CV/VT="
9443,Trống tên Lô,"Ngày=31/01/2026, Lô=, CV/VT="
9444,Trống tên Lô,"Ngày=31/01/2026, Lô=, CV/VT="
9445,Trống tên Lô,"Ngày=31/01/2026, Lô=, CV/VT="
9446,Trống tên Lô,"Ngày=31/01/2026, Lô=, CV/VT="
9447,Trống tên Lô,"Ngày=31/01/2026, Lô=, CV/VT="
9448,Trống tên Lô,"Ngày=31/01/2026, Lô=, CV/VT="
9449,Trống tên Lô,"Ngày=31/01/2026, Lô=, CV/VT="
9450,Trống tên Lô,"Ngày=31/01/2026, Lô=, CV/VT="
9451,Trống tên Lô,"Ngày=31/01/2026, Lô=, CV/VT="
9452,Trống tên Lô,"Ngày=31/01/2026, Lô=, CV/VT="
9453,Trống tên Lô,"Ngày=31/01/2026, Lô=, CV/VT="
9454,Trống tên Lô,"Ngày=31/01/2026, Lô=, CV/VT="
9455,Trống tên Lô,"Ngày=01/01/2026, Lô=, CV/VT="
9456,Trống tên Lô,"Ngày=01/01/2026, Lô=, CV/VT="
9457,Trống tên Lô,"Ngày=01/01/2026, Lô=, CV/VT="
9458,Trống tên Lô,"Ngày=01/01/2026, Lô=, CV/VT="
9459,Trống tên Lô,"Ngày=01/01/2026, Lô=, CV/VT="
9460,Trống tên Lô,"Ngày=02/02/2026, Lô=, CV/VT="
9461,Trống tên Lô,"Ngày=02/02/2026, Lô=, CV/VT="
9462,Trống tên Lô,"Ngày=02/02/2026, Lô=, CV/VT="
9463,Trống tên Lô,"Ngày=02/02/2026, Lô=, CV/VT="
9464,Trống tên Lô,"Ngày=02/02/2026, Lô=, CV/VT="
9465,Trống tên Lô,"Ngày=02/02/2026, Lô=, CV/VT="
9466,Trống tên Lô,"Ngày=02/02/2026, Lô=, CV/VT="
9467,Trống tên Lô,"Ngày=02/02/2026, Lô=, CV/VT="
9468,Trống tên Lô,"Ngày=02/02/2026, Lô=, CV/VT="
9469,Trống tên Lô,"Ngày=02/02/2026, Lô=, CV/VT="
9470,Trống tên Lô,"Ngày=02/02/2026, Lô=, CV/VT="
9471,Trống tên Lô,"Ngày=02/02/2026, Lô=, CV/VT="
9472,Trống tên Lô,"Ngày=02/02/2026, Lô=, CV/VT="
9473,Trống tên Lô,"Ngày=03/02/2026, Lô=, CV/VT="
9474,Trống tên Lô,"Ngày=03/02/2026, Lô=, CV/VT="
9475,Trống tên Lô,"Ngày=03/02/2026, Lô=, CV/VT="
9476,Trống tên Lô,"Ngày=03/02/2026, Lô=, CV/VT="
9477,Trống tên Lô,"Ngày=03/02/2026, Lô=, CV/VT="
9478,Trống tên Lô,"Ngày=03/02/2026, Lô=, CV/VT="
9479,Trống tên Lô,"Ngày=03/02/2026, Lô=, CV/VT="
9480,Trống tên Lô,"Ngày=03/02/2026, Lô=, CV/VT="
9481,Trống tên Lô,"Ngày=03/02/2026, Lô=, CV/VT="
9482,Trống tên Lô,"Ngày=03/02/2026, Lô=, CV/VT="
9483,Trống tên Lô,"Ngày=04/02/2026, Lô=, CV/VT="
9484,Trống tên Lô,"Ngày=04/02/2026, Lô=, CV/VT="
9485,Trống tên Lô,"Ngày=04/02/2026, Lô=, CV/VT="
9486,Trống tên Lô,"Ngày=04/02/2026, Lô=, CV/VT="
9487,Trống tên Lô,"Ngày=04/02/2026, Lô=, CV/VT="
9488,Trống tên Lô,"Ngày=04/02/2026, Lô=, CV/VT="
9489,Trống tên Lô,"Ngày=04/02/2026, Lô=, CV/VT="
9490,Trống tên Lô,"Ngày=04/02/2026, Lô=, CV/VT="
9491,Trống tên Lô,"Ngày=04/02/2026, Lô=, CV/VT="
9492,Trống tên Lô,"Ngày=04/02/2026, Lô=, CV/VT="
9493,Trống tên Lô,"Ngày=04/02/2026, Lô=, CV/VT="
9494,Trống tên Lô,"Ngày=04/02/2026, Lô=, CV/VT="
9495,Trống tên Lô,"Ngày=04/02/2026, Lô=, CV/VT="
9496,Trống tên Lô,"Ngày=04/02/2026, Lô=, CV/VT="
9497,Trống tên Lô,"Ngày=04/02/2026, Lô=, CV/VT="
9498,Trống tên Lô,"Ngày=04/02/2026, Lô=, CV/VT="
9499,Trống tên Lô,"Ngày=05/02/2026, Lô=, CV/VT="
9500,Trống tên Lô,"Ngày=05/02/2026, Lô=, CV/VT="
9501,Trống tên Lô,"Ngày=05/02/2026, Lô=, CV/VT="
9502,Trống tên Lô,"Ngày=05/02/2026, Lô=, CV/VT="
9503,Trống tên Lô,"Ngày=05/02/2026, Lô=, CV/VT="
9504,Trống tên Lô,"Ngày=05/02/2026, Lô=, CV/VT="
9505,Trống tên Lô,"Ngày=05/02/2026, Lô=, CV/VT="
9506,Trống tên Lô,"Ngày=06/02/2026, Lô=, CV/VT="
9507,Trống tên Lô,"Ngày=06/02/2026, Lô=, CV/VT="
9508,Trống tên Lô,"Ngày=06/02/2026, Lô=, CV/VT="
9509,Trống tên Lô,"Ngày=06/02/2026, Lô=, CV/VT="
9510,Trống tên Lô,"Ngày=06/02/2026, Lô=, CV/VT="
9511,Trống tên Lô,"Ngày=06/02/2026, Lô=, CV/VT="
9512,Trống tên Lô,"Ngày=06/02/2026, Lô=, CV/VT="
9513,Trống tên Lô,"Ngày=06/02/2026, Lô=, CV/VT="
9514,Trống tên Lô,"Ngày=06/02/2026, Lô=, CV/VT="
9515,Trống tên Lô,"Ngày=06/02/2026, Lô=, CV/VT="
9516,Trống tên Lô,"Ngày=06/02/2026, Lô=, CV/VT="
9517,Trống tên Lô,"Ngày=06/02/2026, Lô=, CV/VT="
9518,Trống tên Lô,"Ngày=06/02/2026, Lô=, CV/VT="
9519,Trống tên Lô,"Ngày=06/02/2026, Lô=, CV/VT="
9520,Trống tên Lô,"Ngày=07/02/2026, Lô=, CV/VT="
9521,Trống tên Lô,"Ngày=07/02/2026, Lô=, CV/VT="
9522,Trống tên Lô,"Ngày=07/02/2026, Lô=, CV/VT="
9523,Trống tên Lô,"Ngày=07/02/2026, Lô=, CV/VT="
9524,Trống tên Lô,"Ngày=07/02/2026, Lô=, CV/VT="
9525,Trống tên Lô,"Ngày=07/02/2026, Lô=, CV/VT="
9526,Trống tên Lô,"Ngày=07/02/2026, Lô=, CV/VT="
9527,Trống tên Lô,"Ngày=07/02/2026, Lô=, CV/VT="
9528,Trống tên Lô,"Ngày=07/02/2026, Lô=, CV/VT="
9529,Trống tên Lô,"Ngày=07/02/2026, Lô=, CV/VT="
9530,Trống tên Lô,"Ngày=07/02/2026, Lô=, CV/VT="
9531,Trống tên Lô,"Ngày=07/02/2026, Lô=, CV/VT="
9532,Trống tên Lô,"Ngày=08/02/2026, Lô=, CV/VT="
9533,Trống tên Lô,"Ngày=08/02/2026, Lô=, CV/VT="
9534,Trống tên Lô,"Ngày=09/02/2026, Lô=, CV/VT="
9535,Trống tên Lô,"Ngày=09/02/2026, Lô=, CV/VT="
9536,Trống tên Lô,"Ngày=09/02/2026, Lô=, CV/VT="
9537,Trống tên Lô,"Ngày=09/02/2026, Lô=, CV/VT="
9538,Trống tên Lô,"Ngày=09/02/2026, Lô=, CV/VT="
9539,Trống tên Lô,"Ngày=09/02/2026, Lô=, CV/VT="
9540,Trống tên Lô,"Ngày=09/02/2026, Lô=, CV/VT="
9541,Trống tên Lô,"Ngày=09/02/2026, Lô=, CV/VT="
9542,Trống tên Lô,"Ngày=09/02/2026, Lô=, CV/VT="
9543,Trống tên Lô,"Ngày=09/02/2026, Lô=, CV/VT="
9544,Trống tên Lô,"Ngày=09/02/2026, Lô=, CV/VT="
9545,Trống tên Lô,"Ngày=09/02/2026, Lô=, CV/VT="
9546,Trống tên Lô,"Ngày=10/02/2026, Lô=, CV/VT="
9547,Trống tên Lô,"Ngày=10/02/2026, Lô=, CV/VT="
9548,Trống tên Lô,"Ngày=10/02/2026, Lô=, CV/VT="
9549,Trống tên Lô,"Ngày=10/02/2026, Lô=, CV/VT="
9550,Trống tên Lô,"Ngày=10/02/2026, Lô=, CV/VT="
9551,Trống tên Lô,"Ngày=10/02/2026, Lô=, CV/VT="
9552,Trống tên Lô,"Ngày=10/02/2026, Lô=, CV/VT="
9553,Trống tên Lô,"Ngày=10/02/2026, Lô=, CV/VT="
9554,Trống tên Lô,"Ngày=10/02/2026, Lô=, CV/VT="
9555,Trống tên Lô,"Ngày=10/02/2026, Lô=, CV/VT="
9556,Trống tên Lô,"Ngày=10/02/2026, Lô=, CV/VT="
9557,Trống tên Lô,"Ngày=10/02/2026, Lô=, CV/VT="
9558,Trống tên Lô,"Ngày=10/02/2026, Lô=, CV/VT="
9559,Trống tên Lô,"Ngày=10/02/2026, Lô=, CV/VT="
9560,Trống tên Lô,"Ngày=10/02/2026, Lô=, CV/VT="
9561,Trống tên Lô,"Ngày=10/02/2026, Lô=, CV/VT="
9562,Trống tên Lô,"Ngày=11/02/2026, Lô=, CV/VT="
9563,Trống tên Lô,"Ngày=11/02/2026, Lô=, CV/VT="
9564,Trống tên Lô,"Ngày=11/02/2026, Lô=, CV/VT="
9565,Trống tên Lô,"Ngày=11/02/2026, Lô=, CV/VT="
9566,Trống tên Lô,"Ngày=11/02/2026, Lô=, CV/VT="
9567,Trống tên Lô,"Ngày=11/02/2026, Lô=, CV/VT="
9568,Trống tên Lô,"Ngày=11/02/2026, Lô=, CV/VT="
9569,Trống tên Lô,"Ngày=11/02/2026, Lô=, CV/VT="
9570,Trống tên Lô,"Ngày=11/02/2026, Lô=, CV/VT="
9571,Trống tên Lô,"Ngày=11/02/2026, Lô=, CV/VT="
9572,Trống tên Lô,"Ngày=12/02/2026, Lô=, CV/VT="
9573,Trống tên Lô,"Ngày=12/02/2026, Lô=, CV/VT="
9574,Trống tên Lô,"Ngày=12/02/2026, Lô=, CV/VT="
9575,Trống tên Lô,"Ngày=12/02/2026, Lô=, CV/VT="
9576,Trống tên Lô,"Ngày=12/02/2026, Lô=, CV/VT="
9577,Trống tên Lô,"Ngày=12/02/2026, Lô=, CV/VT="
9578,Trống tên Lô,"Ngày=12/02/2026, Lô=, CV/VT="
9579,Trống tên Lô,"Ngày=12/02/2026, Lô=, CV/VT="
9580,Trống tên Lô,"Ngày=12/02/2026, Lô=, CV/VT="
9581,Trống tên Lô,"Ngày=12/02/2026, Lô=, CV/VT="
9582,Trống tên Lô,"Ngày=13/02/2026, Lô=, CV/VT="
9583,Trống tên Lô,"Ngày=13/02/2026, Lô=, CV/VT="
9584,Trống tên Lô,"Ngày=13/02/2026, Lô=, CV/VT="
9585,Trống tên Lô,"Ngày=13/02/2026, Lô=, CV/VT="
9586,Trống tên Lô,"Ngày=13/02/2026, Lô=, CV/VT="
9587,Trống tên Lô,"Ngày=13/02/2026, Lô=, CV/VT="
9588,Trống tên Lô,"Ngày=13/02/2026, Lô=, CV/VT="
9589,Trống tên Lô,"Ngày=13/02/2026, Lô=, CV/VT="
9590,Trống tên Lô,"Ngày=14/02/2026, Lô=, CV/VT="
9591,Trống tên Lô,"Ngày=14/02/2026, Lô=, CV/VT="
9592,Trống tên Lô,"Ngày=16/02/2026, Lô=, CV/VT="
9593,Trống tên Lô,"Ngày=16/02/2026, Lô=, CV/VT="
9594,Trống tên Lô,"Ngày=16/02/2026, Lô=, CV/VT="
9595,Trống tên Lô,"Ngày=16/02/2026, Lô=, CV/VT="
9596,Trống tên Lô,"Ngày=16/02/2026, Lô=, CV/VT="
9597,Trống tên Lô,"Ngày=19/02/2026, Lô=, CV/VT="
9598,Trống tên Lô,"Ngày=19/02/2026, Lô=, CV/VT="
9599,Trống tên Lô,"Ngày=19/02/2026, Lô=, CV/VT="
9600,Trống tên Lô,"Ngày=19/02/2026, Lô=, CV/VT="
9601,Trống tên Lô,"Ngày=19/02/2026, Lô=, CV/VT="
9602,Trống tên Lô,"Ngày=19/02/2026, Lô=, CV/VT="
9603,Trống tên Lô,"Ngày=19/02/2026, Lô=, CV/VT="
9604,Trống tên Lô,"Ngày=19/02/2026, Lô=, CV/VT="
9605,Trống tên Lô,"Ngày=19/02/2026, Lô=, CV/VT="
9606,Trống tên Lô,"Ngày=19/02/2026, Lô=, CV/VT="
9607,Trống tên Lô,"Ngày=19/02/2026, Lô=, CV/VT="
9608,Trống tên Lô,"Ngày=19/02/2026, Lô=, CV/VT="
9609,Trống tên Lô,"Ngày=23/02/2026, Lô=, CV/VT="
9610,Trống tên Lô,"Ngày=23/02/2026, Lô=, CV/VT="
9611,Trống tên Lô,"Ngày=23/02/2026, Lô=, CV/VT="
9612,Trống tên Lô,"Ngày=23/02/2026, Lô=, CV/VT="
9613,Trống tên Lô,"Ngày=23/02/2026, Lô=, CV/VT="
9614,Trống tên Lô,"Ngày=23/02/2026, Lô=, CV/VT="
9615,Trống tên Lô,"Ngày=23/02/2026, Lô=, CV/VT="
9616,Trống tên Lô,"Ngày=23/02/2026, Lô=, CV/VT="
9617,Trống tên Lô,"Ngày=23/02/2026, Lô=, CV/VT="
9618,Trống tên Lô,"Ngày=23/02/2026, Lô=, CV/VT="
9619,Trống tên Lô,"Ngày=23/02/2026, Lô=, CV/VT="
9620,Trống tên Lô,"Ngày=23/02/2026, Lô=, CV/VT="
9621,Trống tên Lô,"Ngày=24/02/2026, Lô=, CV/VT="
9622,Trống tên Lô,"Ngày=24/02/2026, Lô=, CV/VT="
9623,Trống tên Lô,"Ngày=24/02/2026, Lô=, CV/VT="
9624,Trống tên Lô,"Ngày=24/02/2026, Lô=, CV/VT="
9625,Trống tên Lô,"Ngày=24/02/2026, Lô=, CV/VT="
9626,Trống tên Lô,"Ngày=24/02/2026, Lô=, CV/VT="
9627,Trống tên Lô,"Ngày=24/02/2026, Lô=, CV/VT="
9628,Trống tên Lô,"Ngày=24/02/2026, Lô=, CV/VT="
9629,Trống tên Lô,"Ngày=24/02/2026, Lô=, CV/VT="
9630,Trống tên Lô,"Ngày=24/02/2026, Lô=, CV/VT="
9631,Trống tên Lô,"Ngày=25/02/2026, Lô=, CV/VT="
9632,Trống tên Lô,"Ngày=25/02/2026, Lô=, CV/VT="
9633,Trống tên Lô,"Ngày=25/02/2026, Lô=, CV/VT="
9634,Trống tên Lô,"Ngày=25/02/2026, Lô=, CV/VT="
9635,Trống tên Lô,"Ngày=25/02/2026, Lô=, CV/VT="
9636,Trống tên Lô,"Ngày=25/02/2026, Lô=, CV/VT="
9637,Trống tên Lô,"Ngày=25/02/2026, Lô=, CV/VT="
9638,Trống tên Lô,"Ngày=25/02/2026, Lô=, CV/VT="
9639,Trống tên Lô,"Ngày=25/02/2026, Lô=, CV/VT="
9640,Trống tên Lô,"Ngày=25/02/2026, Lô=, CV/VT="
9641,Trống tên Lô,"Ngày=25/02/2026, Lô=, CV/VT="
9642,Trống tên Lô,"Ngày=25/02/2026, Lô=, CV/VT="
9643,Trống tên Lô,"Ngày=25/02/2026, Lô=, CV/VT="
9644,Trống tên Lô,"Ngày=26/02/2026, Lô=, CV/VT="
9645,Trống tên Lô,"Ngày=26/02/2026, Lô=, CV/VT="
9646,Trống tên Lô,"Ngày=26/02/2026, Lô=, CV/VT="
9647,Trống tên Lô,"Ngày=26/02/2026, Lô=, CV/VT="
9648,Trống tên Lô,"Ngày=26/02/2026, Lô=, CV/VT="
9649,Trống tên Lô,"Ngày=26/02/2026, Lô=, CV/VT="
9650,Trống tên Lô,"Ngày=26/02/2026, Lô=, CV/VT="
9651,Trống tên Lô,"Ngày=26/02/2026, Lô=, CV/VT="
9652,Trống tên Lô,"Ngày=26/02/2026, Lô=, CV/VT="
9653,Trống tên Lô,"Ngày=26/02/2026, Lô=, CV/VT="
9654,Trống tên Lô,"Ngày=26/02/2026, Lô=, CV/VT="
9655,Trống tên Lô,"Ngày=27/02/2026, Lô=, CV/VT="
9656,Trống tên Lô,"Ngày=27/02/2026, Lô=, CV/VT="
9657,Trống tên Lô,"Ngày=27/02/2026, Lô=, CV/VT="
9658,Trống tên Lô,"Ngày=27/02/2026, Lô=, CV/VT="
9659,Trống tên Lô,"Ngày=28/02/2026, Lô=, CV/VT="
9660,Trống tên Lô,"Ngày=28/02/2026, Lô=, CV/VT="
9661,Trống tên Lô,"Ngày=28/02/2026, Lô=, CV/VT="
9662,Trống tên Lô,"Ngày=28/02/2026, Lô=, CV/VT="
9663,Trống tên Lô,"Ngày=28/02/2026, Lô=, CV/VT="
9664,Trống tên Lô,"Ngày=28/02/2026, Lô=, CV/VT="
9665,Trống tên Lô,"Ngày=28/02/2026, Lô=, CV/VT="
9666,Trống tên Lô,"Ngày=28/02/2026, Lô=, CV/VT="
9667,Trống tên Lô,"Ngày=28/02/2026, Lô=, CV/VT="
9668,Trống tên Lô,"Ngày=28/02/2026, Lô=, CV/VT="
9669,Trống tên Lô,"Ngày=28/02/2026, Lô=, CV/VT="
9670,Trống tên Lô,"Ngày=01/03/2026, Lô=, CV/VT="
9671,Trống tên Lô,"Ngày=01/03/2026, Lô=, CV/VT="
9672,Trống tên Lô,"Ngày=01/03/2026, Lô=, CV/VT="
9673,Trống tên Lô,"Ngày=01/03/2026, Lô=, CV/VT="
9674,Trống tên Lô,"Ngày=01/03/2026, Lô=, CV/VT="
9675,Trống tên Lô,"Ngày=01/03/2026, Lô=, CV/VT="
9676,Trống tên Lô,"Ngày=01/03/2026, Lô=, CV/VT="
9677,Trống tên Lô,"Ngày=01/03/2026, Lô=, CV/VT="
9678,Trống tên Lô,"Ngày=02/03/2026, Lô=, CV/VT="
9679,Trống tên Lô,"Ngày=02/03/2026, Lô=, CV/VT="
9680,Trống tên Lô,"Ngày=02/03/2026, Lô=, CV/VT="
9681,Trống tên Lô,"Ngày=02/03/2026, Lô=, CV/VT="
9682,Trống tên Lô,"Ngày=02/03/2026, Lô=, CV/VT="
9683,Trống tên Lô,"Ngày=02/03/2026, Lô=, CV/VT="
9684,Trống tên Lô,"Ngày=02/03/2026, Lô=, CV/VT="
9685,Trống tên Lô,"Ngày=03/03/2026, Lô=, CV/VT="
9686,Trống tên Lô,"Ngày=03/03/2026, Lô=, CV/VT="
9687,Trống tên Lô,"Ngày=03/03/2026, Lô=, CV/VT="
9688,Trống tên Lô,"Ngày=03/03/2026, Lô=, CV/VT="
9689,Trống tên Lô,"Ngày=03/03/2026, Lô=, CV/VT="
9690,Trống tên Lô,"Ngày=03/03/2026, Lô=, CV/VT="
9691,Trống tên Lô,"Ngày=03/03/2026, Lô=, CV/VT="
9692,Trống tên Lô,"Ngày=03/03/2026, Lô=, CV/VT="
9693,Trống tên Lô,"Ngày=04/03/2026, Lô=, CV/VT="
9694,Trống tên Lô,"Ngày=04/03/2026, Lô=, CV/VT="
9695,Trống tên Lô,"Ngày=04/03/2026, Lô=, CV/VT="
9696,Trống tên Lô,"Ngày=04/03/2026, Lô=, CV/VT="
9697,Trống tên Lô,"Ngày=04/03/2026, Lô=, CV/VT="
9698,Trống tên Lô,"Ngày=04/03/2026, Lô=, CV/VT="
9699,Trống tên Lô,"Ngày=04/03/2026, Lô=, CV/VT="
9700,Trống tên Lô,"Ngày=04/03/2026, Lô=, CV/VT="
9701,Trống tên Lô,"Ngày=04/03/2026, Lô=, CV/VT="
9702,Trống tên Lô,"Ngày=04/03/2026, Lô=, CV/VT="
9703,Trống tên Lô,"Ngày=04/03/2026, Lô=, CV/VT="
9704,Trống tên Lô,"Ngày=04/03/2026, Lô=, CV/VT="
9705,Trống tên Lô,"Ngày=05/03/2026, Lô=, CV/VT="
9706,Trống tên Lô,"Ngày=05/03/2026, Lô=, CV/VT="
9707,Trống tên Lô,"Ngày=05/03/2026, Lô=, CV/VT="
9708,Trống tên Lô,"Ngày=05/03/2026, Lô=, CV/VT="
9709,Trống tên Lô,"Ngày=05/03/2026, Lô=, CV/VT="
9710,Trống tên Lô,"Ngày=05/03/2026, Lô=, CV/VT="
9711,Trống tên Lô,"Ngày=05/03/2026, Lô=, CV/VT="
9712,Trống tên Lô,"Ngày=05/03/2026, Lô=, CV/VT="
9713,Trống tên Lô,"Ngày=05/03/2026, Lô=, CV/VT="
9714,Trống tên Lô,"Ngày=05/03/2026, Lô=, CV/VT="
9715,Trống tên Lô,"Ngày=06/03/2026, Lô=, CV/VT="
9716,Trống tên Lô,"Ngày=06/03/2026, Lô=, CV/VT="
9717,Trống tên Lô,"Ngày=06/03/2026, Lô=, CV/VT="
9718,Trống tên Lô,"Ngày=06/03/2026, Lô=, CV/VT="
9719,Trống tên Lô,"Ngày=06/03/2026, Lô=, CV/VT="
9720,Trống tên Lô,"Ngày=06/03/2026, Lô=, CV/VT="
9721,Trống tên Lô,"Ngày=06/03/2026, Lô=, CV/VT="
9722,Trống tên Lô,"Ngày=06/03/2026, Lô=, CV/VT="
9723,Trống tên Lô,"Ngày=06/03/2026, Lô=, CV/VT="
9724,Trống tên Lô,"Ngày=06/03/2026, Lô=, CV/VT="
9725,Trống tên Lô,"Ngày=07/03/2026, Lô=, CV/VT="
9726,Trống tên Lô,"Ngày=07/03/2026, Lô=, CV/VT="
9727,Trống tên Lô,"Ngày=07/03/2026, Lô=, CV/VT="
9728,Trống tên Lô,"Ngày=07/03/2026, Lô=, CV/VT="
9729,Trống tên Lô,"Ngày=07/03/2026, Lô=, CV/VT="
9730,Trống tên Lô,"Ngày=07/03/2026, Lô=, CV/VT="
9731,Trống tên Lô,"Ngày=07/03/2026, Lô=, CV/VT="
9732,Trống tên Lô,"Ngày=07/03/2026, Lô=, CV/VT="
9733,Trống tên Lô,"Ngày=07/03/2026, Lô=, CV/VT="
9734,Trống tên Lô,"Ngày=07/03/2026, Lô=, CV/VT="
9735,Trống tên Lô,"Ngày=07/03/2026, Lô=, CV/VT="
9736,Trống tên Lô,"Ngày=07/03/2026, Lô=, CV/VT="
9737,Trống tên Lô,"Ngày=07/03/2026, Lô=, CV/VT="
9738,Trống tên Lô,"Ngày=07/03/2026, Lô=, CV/VT="
9739,Trống tên Lô,"Ngày=08/03/2026, Lô=, CV/VT="
9740,Trống tên Lô,"Ngày=08/03/2026, Lô=, CV/VT="
9741,Trống tên Lô,"Ngày=08/03/2026, Lô=, CV/VT="
9742,Trống tên Lô,"Ngày=08/03/2026, Lô=, CV/VT="
9743,Trống tên Lô,"Ngày=08/03/2026, Lô=, CV/VT="
9744,Trống tên Lô,"Ngày=08/03/2026, Lô=, CV/VT="
9745,Trống tên Lô,"Ngày=08/03/2026, Lô=, CV/VT="
9746,Trống tên Lô,"Ngày=08/03/2026, Lô=, CV/VT="
9747,Trống tên Lô,"Ngày=08/03/2026, Lô=, CV/VT="
9748,Trống tên Lô,"Ngày=09/03/2026, Lô=, CV/VT="
9749,Trống tên Lô,"Ngày=09/03/2026, Lô=, CV/VT="
9750,Trống tên Lô,"Ngày=09/03/2026, Lô=, CV/VT="
9751,Trống tên Lô,"Ngày=09/03/2026, Lô=, CV/VT="
9752,Trống tên Lô,"Ngày=09/03/2026, Lô=, CV/VT="
9753,Trống tên Lô,"Ngày=09/03/2026, Lô=, CV/VT="
9754,Trống tên Lô,"Ngày=09/03/2026, Lô=, CV/VT="
9755,Trống tên Lô,"Ngày=09/03/2026, Lô=, CV/VT="
9756,Trống tên Lô,"Ngày=10/03/2026, Lô=, CV/VT="
9757,Trống tên Lô,"Ngày=10/03/2026, Lô=, CV/VT="
9758,Trống tên Lô,"Ngày=10/03/2026, Lô=, CV/VT="
9759,Trống tên Lô,"Ngày=10/03/2026, Lô=, CV/VT="
9760,Trống tên Lô,"Ngày=10/03/2026, Lô=, CV/VT="
9761,Trống tên Lô,"Ngày=10/03/2026, Lô=, CV/VT="
9762,Trống tên Lô,"Ngày=10/03/2026, Lô=, CV/VT="
9763,Trống tên Lô,"Ngày=10/03/2026, Lô=, CV/VT="
9764,Trống tên Lô,"Ngày=10/03/2026, Lô=, CV/VT="
9765,Trống tên Lô,"Ngày=10/03/2026, Lô=, CV/VT="
9766,Trống tên Lô,"Ngày=10/03/2026, Lô=, CV/VT="
9767,Trống tên Lô,"Ngày=11/03/2026, Lô=, CV/VT="
9768,Trống tên Lô,"Ngày=11/03/2026, Lô=, CV/VT="
9769,Trống tên Lô,"Ngày=11/03/2026, Lô=, CV/VT="
9770,Trống tên Lô,"Ngày=11/03/2026, Lô=, CV/VT="
9771,Trống tên Lô,"Ngày=11/03/2026, Lô=, CV/VT="
9772,Trống tên Lô,"Ngày=11/03/2026, Lô=, CV/VT="
9773,Trống tên Lô,"Ngày=12/03/2026, Lô=, CV/VT="
9774,Trống tên Lô,"Ngày=12/03/2026, Lô=, CV/VT="
9775,Trống tên Lô,"Ngày=12/03/2026, Lô=, CV/VT="
9776,Trống tên Lô,"Ngày=12/03/2026, Lô=, CV/VT="
9777,Trống tên Lô,"Ngày=12/03/2026, Lô=, CV/VT="
9778,Trống tên Lô,"Ngày=12/03/2026, Lô=, CV/VT="
9779,Trống tên Lô,"Ngày=12/03/2026, Lô=, CV/VT="
9780,Trống tên Lô,"Ngày=12/03/2026, Lô=, CV/VT="
9781,Trống tên Lô,"Ngày=13/03/2026, Lô=, CV/VT="
9782,Trống tên Lô,"Ngày=13/03/2026, Lô=, CV/VT="
9783,Trống tên Lô,"Ngày=13/03/2026, Lô=, CV/VT="
9784,Trống tên Lô,"Ngày=13/03/2026, Lô=, CV/VT="
9785,Trống tên Lô,"Ngày=13/03/2026, Lô=, CV/VT="
9786,Trống tên Lô,"Ngày=13/03/2026, Lô=, CV/VT="
9787,Trống tên Lô,"Ngày=13/03/2026, Lô=, CV/VT="
9788,Trống tên Lô,"Ngày=13/03/2026, Lô=, CV/VT="
9789,Trống tên Lô,"Ngày=13/03/2026, Lô=, CV/VT="
9790,Trống tên Lô,"Ngày=13/03/2026, Lô=, CV/VT="
9791,Trống tên Lô,"Ngày=13/03/2026, Lô=, CV/VT="
9792,Trống tên Lô,"Ngày=13/03/2026, Lô=, CV/VT="
9793,Trống tên Lô,"Ngày=14/03/2026, Lô=, CV/VT="
9794,Trống tên Lô,"Ngày=14/03/2026, Lô=, CV/VT="
9795,Trống tên Lô,"Ngày=14/03/2026, Lô=, CV/VT="
9796,Trống tên Lô,"Ngày=14/03/2026, Lô=, CV/VT="
9797,Trống tên Lô,"Ngày=14/03/2026, Lô=, CV/VT="
9798,Trống tên Lô,"Ngày=15/03/2026, Lô=, CV/VT="
9799,Trống tên Lô,"Ngày=17/03/2026, Lô=, CV/VT="
9800,Trống tên Lô,"Ngày=17/03/2026, Lô=, CV/VT="
9801,Trống tên Lô,"Ngày=17/03/2026, Lô=, CV/VT="
9802,Trống tên Lô,"Ngày=17/03/2026, Lô=, CV/VT="
9803,Trống tên Lô,"Ngày=17/03/2026, Lô=, CV/VT="
9804,Trống tên Lô,"Ngày=17/03/2026, Lô=, CV/VT="
9805,Trống tên Lô,"Ngày=17/03/2026, Lô=, CV/VT="
9806,Trống tên Lô,"Ngày=17/03/2026, Lô=, CV/VT="
9807,Trống tên Lô,"Ngày=17/03/2026, Lô=, CV/VT="
9808,Trống tên Lô,"Ngày=17/03/2026, Lô=, CV/VT="
9809,Trống tên Lô,"Ngày=17/03/2026, Lô=, CV/VT="
9810,Trống tên Lô,"Ngày=17/03/2026, Lô=, CV/VT="
9811,Trống tên Lô,"Ngày=17/03/2026, Lô=, CV/VT="
9812,Trống tên Lô,"Ngày=17/03/2026, Lô=, CV/VT="
9813,Trống tên Lô,"Ngày=17/03/2026, Lô=, CV/VT="
9814,Trống tên Lô,"Ngày=17/03/2026, Lô=, CV/VT="
9815,Trống tên Lô,"Ngày=17/03/2026, Lô=, CV/VT="
9816,Trống tên Lô,"Ngày=17/03/2026, Lô=, CV/VT="
9817,Trống tên Lô,"Ngày=17/03/2026, Lô=, CV/VT="
9818,Trống tên Lô,"Ngày=17/03/2026, Lô=, CV/VT="
9819,Trống tên Lô,"Ngày=17/03/2026, Lô=, CV/VT="
9820,Trống tên Lô,"Ngày=18/03/2026, Lô=, CV/VT="
9821,Trống tên Lô,"Ngày=18/03/2026, Lô=, CV/VT="
9822,Trống tên Lô,"Ngày=18/03/2026, Lô=, CV/VT="
9823,Trống tên Lô,"Ngày=18/03/2026, Lô=, CV/VT="
9824,Trống tên Lô,"Ngày=18/03/2026, Lô=, CV/VT="
9825,Trống tên Lô,"Ngày=18/03/2026, Lô=, CV/VT="
9826,Trống tên Lô,"Ngày=18/03/2026, Lô=, CV/VT="
9827,Trống tên Lô,"Ngày=18/03/2026, Lô=, CV/VT="
9828,Trống tên Lô,"Ngày=18/03/2026, Lô=, CV/VT="
9829,Trống tên Lô,"Ngày=18/03/2026, Lô=, CV/VT="
9830,Trống tên Lô,"Ngày=18/03/2026, Lô=, CV/VT="
9831,Trống tên Lô,"Ngày=18/03/2026, Lô=, CV/VT="
9832,Trống tên Lô,"Ngày=18/03/2026, Lô=, CV/VT="
9833,Trống tên Lô,"Ngày=18/03/2026, Lô=, CV/VT="
9834,Trống tên Lô,"Ngày=18/03/2026, Lô=, CV/VT="
9835,Trống tên Lô,"Ngày=18/03/2026, Lô=, CV/VT="
9836,Trống tên Lô,"Ngày=19/03/2026, Lô=, CV/VT="
9837,Trống tên Lô,"Ngày=19/03/2026, Lô=, CV/VT="
9838,Trống tên Lô,"Ngày=19/03/2026, Lô=, CV/VT="
9839,Trống tên Lô,"Ngày=19/03/2026, Lô=, CV/VT="
9840,Trống tên Lô,"Ngày=19/03/2026, Lô=, CV/VT="
9841,Trống tên Lô,"Ngày=19/03/2026, Lô=, CV/VT="
9842,Trống tên Lô,"Ngày=19/03/2026, Lô=, CV/VT="
9843,Trống tên Lô,"Ngày=19/03/2026, Lô=, CV/VT="
9844,Trống tên Lô,"Ngày=19/03/2026, Lô=, CV/VT="
9845,Trống tên Lô,"Ngày=19/03/2026, Lô=, CV/VT="
9846,Trống tên Lô,"Ngày=19/03/2026, Lô=, CV/VT="
9847,Trống tên Lô,"Ngày=19/03/2026, Lô=, CV/VT="
9848,Trống tên Lô,"Ngày=19/03/2026, Lô=, CV/VT="
9849,Trống tên Lô,"Ngày=19/03/2026, Lô=, CV/VT="
9850,Trống tên Lô,"Ngày=19/03/2026, Lô=, CV/VT="
9851,Trống tên Lô,"Ngày=19/03/2026, Lô=, CV/VT="
9852,Trống tên Lô,"Ngày=20/03/2026, Lô=, CV/VT="
9853,Trống tên Lô,"Ngày=20/03/2026, Lô=, CV/VT="
9854,Trống tên Lô,"Ngày=20/03/2026, Lô=, CV/VT="
9855,Trống tên Lô,"Ngày=20/03/2026, Lô=, CV/VT="
9856,Trống tên Lô,"Ngày=20/03/2026, Lô=, CV/VT="
9857,Trống tên Lô,"Ngày=20/03/2026, Lô=, CV/VT="
9858,Trống tên Lô,"Ngày=20/03/2026, Lô=, CV/VT="
9859,Trống tên Lô,"Ngày=20/03/2026, Lô=, CV/VT="
9860,Trống tên Lô,"Ngày=20/03/2026, Lô=, CV/VT="
9861,Trống tên Lô,"Ngày=20/03/2026, Lô=, CV/VT="
9862,Trống tên Lô,"Ngày=20/03/2026, Lô=, CV/VT="
9863,Trống tên Lô,"Ngày=20/03/2026, Lô=, CV/VT="
9864,Trống tên Lô,"Ngày=20/03/2026, Lô=, CV/VT="
9865,Trống tên Lô,"Ngày=20/03/2026, Lô=, CV/VT="
9866,Trống tên Lô,"Ngày=20/03/2026, Lô=, CV/VT="
9867,Trống tên Lô,"Ngày=20/03/2026, Lô=, CV/VT="
9868,Trống tên Lô,"Ngày=21/03/2026, Lô=, CV/VT="
9869,Trống tên Lô,"Ngày=21/03/2026, Lô=, CV/VT="
9870,Trống tên Lô,"Ngày=21/03/2026, Lô=, CV/VT="
9871,Trống tên Lô,"Ngày=21/03/2026, Lô=, CV/VT="
9872,Trống tên Lô,"Ngày=21/03/2026, Lô=, CV/VT="
9873,Trống tên Lô,"Ngày=21/03/2026, Lô=, CV/VT="
9874,Trống tên Lô,"Ngày=21/03/2026, Lô=, CV/VT="
9875,Trống tên Lô,"Ngày=21/03/2026, Lô=, CV/VT="
9876,Trống tên Lô,"Ngày=21/03/2026, Lô=, CV/VT="
9877,Trống tên Lô,"Ngày=21/03/2026, Lô=, CV/VT="
9878,Trống tên Lô,"Ngày=21/03/2026, Lô=, CV/VT="
9879,Trống tên Lô,"Ngày=21/03/2026, Lô=, CV/VT="
9880,Trống tên Lô,"Ngày=21/03/2026, Lô=, CV/VT="
9881,Trống tên Lô,"Ngày=21/03/2026, Lô=, CV/VT="
9882,Trống tên Lô,"Ngày=21/03/2026, Lô=, CV/VT="
9883,Trống tên Lô,"Ngày=21/03/2026, Lô=, CV/VT="
9884,Trống tên Lô,"Ngày=21/03/2026, Lô=, CV/VT="
9885,Trống tên Lô,"Ngày=21/03/2026, Lô=, CV/VT="
9886,Trống tên Lô,"Ngày=21/03/2026, Lô=, CV/VT="
9887,Trống tên Lô,"Ngày=21/03/2026, Lô=, CV/VT="
9888,Trống tên Lô,"Ngày=21/03/2026, Lô=, CV/VT="
9889,Trống tên Lô,"Ngày=21/03/2026, Lô=, CV/VT="
9890,Trống tên Lô,"Ngày=22/03/2026, Lô=, CV/VT="
9891,Trống tên Lô,"Ngày=22/03/2026, Lô=, CV/VT="
9892,Trống tên Lô,"Ngày=22/03/2026, Lô=, CV/VT="
9893,Trống tên Lô,"Ngày=22/03/2026, Lô=, CV/VT="
9894,Trống tên Lô,"Ngày=22/03/2026, Lô=, CV/VT="
10722,Trống tên Lô,"Ngày=22/03/2026, Lô=, CV/VT="
11294,Trống tên Lô,"Ngày=17/03/2026, Lô=, CV/VT="
11831,Trống tên Lô,"Ngày=15/03/2026, Lô=, CV/VT="
